Workbook
Name A: #REF!
Name A: #REF!
Name A: #REF!
Name A: #REF!
Name A: #REF!
Name A: #REF!
Name A: #REF!
Name A: #REF!
Name A: #REF!
Name A: #REF!
Name A: #REF!
Name A: #REF!
Name a??u55_Click: [1]!a??u55_Click
Name aa: #REF!
Name aa: #REF!
Name aa: #REF!
Name aa: #REF!
Name aa: #REF!
Name aa: #REF!
Name aa: #REF!
Name aa: #REF!
Name aa: #REF!
Name aa: #REF!
Name aa: #REF!
Name aa: #REF!
Name abc: #REF!
Name abc: #REF!
Name abc: #REF!
Name abc: #REF!
Name abc: #REF!
Name abc: #REF!
Name abc: #REF!
Name abc: #REF!
Name abc: #REF!
Name abc: #REF!
Name abc: #REF!
Name abc: #REF!
Name add: #REF!
Name add: #REF!
Name add: #REF!
Name add: #REF!
Name add: #REF!
Name add: #REF!
Name add: #REF!
Name add: #REF!
Name add: #REF!
Name add: #REF!
Name add: #REF!
Name add: #REF!
Name added: #REF!
Name added: #REF!
Name added: #REF!
Name added: #REF!
Name added: #REF!
Name added: #REF!
Name added: #REF!
Name added: #REF!
Name added: #REF!
Name added: #REF!
Name added: #REF!

Sheet Summary
B3: CUTTING + PREPERATION
B6: Cell | C6: Working Period | D6: STD MP | E6: ACT MP | F6: Gap | G6: Output | H6: Hari ke- | AO6: Day
H7: 1 | I7: 2 | J7: 3 | K7: 4 | L7: 5 | M7: =1+L7 -> 6 | N7: =1+M7 -> 7 | O7: =1+N7 -> 8 | P7: =1+O7 -> 9 | Q7: =1+P7 -> 10 | R7: =1+Q7 -> 11 | S7: =1+R7 -> 12 | T7: =1+S7 -> 13 | ... DE7: =1+DD7 -> 102 | DF7: =1+BF7 -> 52 | DG7: =1+DF7 -> 53 | DH7: =1+DG7 -> 54 | DI7: =1+DH7 -> 55 | DJ7: =1+DI7 -> 56 | DK7: =1+DJ7 -> 57 | DL7: =1+DK7 -> 58 | DM7: =1+DL7 -> 59 | DN7: =1+DM7 -> 60 | ... EC7: =1+EB7 -> 75
H8: 46013 | I8: 46014 | J8: 46015 | K8: 46017 | L8: 46020 | M8: 46021 | N8: 46022 | O8: 46024 | P8: 46027 | Q8: 46028 | R8: 46029 | S8: 46030 | T8: 46031 | U8: 46034 | V8: 46035 | W8: 46036 | X8: 46037 | Y8: 46039 | Z8: 46041 | AA8: 46042 | AB8: 46043 | AC8: 46044 | AD8: 46045 | AE8: 46048 | AF8: 46049 | AG8: 46050 | AH8: 46051 | AI8: 46052 | AJ8: 46055 | AK8: 46056 | AL8: 46057 | AM8: 46058 | AN8: 46059 | AO8: 46083 | AP8: 46084 | AQ8: 46085 | AR8: 46086 | AS8: 46087 | AT8: 46090 | AU8: 46091 | AV8: 46092 | AW8: 46093 | AX8: 46094 | AY8: 46097 | AZ8: 46098 | BA8: 46099 | BB8: 46106 | BC8: 46107 | BD8: 46108 | BE8: 46109 | BF8: 46111 | BG8: 45747 | BH8: 46113 | BI8: 46114 | BJ8: 46115 | BK8: 46116 | BL8: 46118 | BM8: 46119 | BN8: 46120 | BO8: 46121 | BP8: 46122 | BQ8: 46123 | BR8: 46125 | BS8: 46126 | BT8: 46127 | BU8: 46128 | BV8: 46129 | BW8: 46130 | BX8: 46132 | BY8: 46133 | BZ8: 46134 | CA8: 46135 | CB8: 46136 | CC8: 46137 | CD8: 46138 | CE8: 46139 | CF8: 46140 | CG8: 46141 | CH8: 46142 | CI8: 46143 | CJ8: 46144 | CK8: 46145 | CL8: 45778 | CM8: 45779 | CN8: 45780 | CO8: 45781 | CP8: 45782 | CQ8: 45783 | CR8: 45784 | CS8: 45785 | CT8: 45786 | CU8: 45787 | CV8: 45788 | CW8: 45789 | CX8: 45790 | CY8: 45791 | CZ8: 45792 | DA8: 45793 | DB8: 45794 | DC8: 45795 | DD8: 45796 | DE8: 45797 | DF8: 45798 | DG8: 45799 | DH8: 45800 | DI8: 45801 | DJ8: 45802 | DK8: 45803 | DL8: 45804 | DM8: 45805 | DN8: 45806 | DO8: 45807 | DP8: 45808 | DQ8: 45809 | DR8: 45810 | DS8: 45811 | DT8: 45812 | DU8: 45813 | DV8: 45814 | DW8: 45815 | DX8: 45816 | DY8: 45817 | DZ8: 45818 | EA8: 45819 | EB8: 45820 | EC8: 45821
B9: Cell 3 | C9: < 1 Month | D9: 27 | E9: 17 | F9: =+E9-D9:D9 -> -10 | G9: Output/Day | H9: 126 | I9: 150 | J9: 144 | L9: 222 | M9: 246 | N9: 216 | O9: 246 | P9: 246 | Q9: 288 | R9: 342 | AE9: 528 | AF9: 566 | AG9: 467 | AH9: 442 | AI9: 449 | AJ9: 583 | AK9: 692 | AL9: 714 | AM9: 774 | AN9: 798 | AO9: =+'Cell 5 603'!AS5 -> 0 | AP9: =+'Cell 5 603'!AT5 -> 0 | AQ9: =+'Cell 5 603'!AU5 -> 0 | AR9: =+'Cell 5 603'!AV5 -> 0 | AS9: =+'Cell 5 603'!AW5 -> 0 | AT9: =+'Cell 5 603'!AX5 -> 0 | AU9: =+'Cell 5 603'!AY5 -> 0 | AV9: =+'Cell 5 603'!AZ5 -> 0 | ... BE9: =+'Cell 5 603'!BI5 -> 0 | BJ9: =+'Cell 3 603'!D9 -> 642 | BK9: =+'Cell 3 603'!E9 -> 0 | BL9: =+'Cell 3 603'!F9 -> 282 | BM9: =+'Cell 3 603'!G9 -> 0 | BN9: =+'Cell 3 603'!H9 -> 546 | BO9: =+'Cell 3 603'!I9 -> 0 | BP9: =+'Cell 3 603'!J9 -> 120 | BQ9: =+'Cell 3 603'!K9 -> 0 | ... BY9: =+'Cell 3 603'!S9 -> 500
G10: Output/H | H10: =H9/9 -> 14 | I10: =I9/9 -> 16.666667 | J10: =J9/10 -> 14.4 | K10: =K9/9 -> 0 | L10: =+L9/9 -> 24.666667 | M10: =+M9/9 -> 27.333333 | N10: =N9/10 -> 21.6 | O10: =O9/10 -> 24.6 | P10: =P9/10 -> 24.6 | Q10: =Q9/10 -> 28.8 | R10: =SUM(R9:R9)/8 -> 42.75 | S10: =S9/8 -> 0 | T10: =T9/8 -> 0 | U10: =U9/8 -> 0 | V10: =V9/8 -> 0 | W10: =W9/8 -> 0 | X10: =SUM(X9:X9)/8 -> 0 | Y10: =SUM(Y9:Y9)/8 -> 0 | Z10: =SUM(Z9:Z9)/8 -> 0 | AA10: =SUM(AA9:AA9)/8 -> 0 | AB10: =SUM(AB9:AB9)/8 -> 0 | AC10: =SUM(AC9:AC9)/8 -> 0 | AD10: =AD9/9 -> 0 | AE10: =AE9/9 -> 58.666667 | AF10: =AF9/9 -> 62.888889 | AG10: =AG9/10 -> 46.7 | AH10: =AH9/9 -> 49.111111 | AI10: =+AI9/9 -> 49.888889 | AJ10: =+AJ9/9 -> 64.777778 | AK10: =AK9/9 -> 76.888889 | AL10: =AL9/9 -> 79.333333 | AM10: =AM9/9 -> 86 | AN10: =AN9/9 -> 88.666667 | AO10: =+'Cell 5 603'!AS6 -> 0 | AP10: =+'Cell 5 603'!AT6 -> 0 | AQ10: =+'Cell 5 603'!AU6 -> 0 | AR10: =+'Cell 5 603'!AV6 -> 0 | AS10: =+'Cell 5 603'!AW6 -> 0 | AT10: =+'Cell 5 603'!AX6 -> 0 | AU10: =+'Cell 5 603'!AY6 -> 0 | AV10: =+'Cell 5 603'!AZ6 -> 0 | ... BE10: =+'Cell 5 603'!BI6 -> 0 | BJ10: =+'Cell 3 603'!D10 -> 80.25 | BK10: =+'Cell 3 603'!E10 -> 0 | BL10: =+'Cell 3 603'!F10 -> 28.2 | BM10: =+'Cell 3 603'!G10 -> 0 | BN10: =+'Cell 3 603'!H10 -> 68.25 | BO10: =+'Cell 3 603'!I10 -> 0 | BP10: =+'Cell 3 603'!J10 -> 12 | BQ10: =+'Cell 3 603'!K10 -> 0 | ... BY10: =+'Cell 3 603'!S10 -> 62.5
B11: Cell 4 | C11: 3 Month | D11: 27 | E11: 25 | F11: =+E11-D11:D11 -> -2 | G11: Output/Day | H11: 468 | I11: 522 | J11: 300 | L11: 276 | M11: 540 | N11: 444 | O11: 462 | P11: 600 | Q11: 582 | R11: 429 | AE11: 600 | AF11: 600 | AG11: 612 | AH11: 672 | AI11: 348 | AJ11: 468 | AK11: 552 | AL11: 316 | AM11: 503 | AN11: 690 | AO11: =+'Cell 4 603'!BB9 -> 1278 | AP11: =+'Cell 4 603'!BC9 -> 732 | AQ11: =+'Cell 4 603'!BD9 -> 660 | AR11: =+'Cell 4 603'!BE9 -> 600 | AS11: =+'Cell 4 603'!BF9 -> 0 | AT11: =+'Cell 4 603'!BG9 -> 0 | AU11: =+'Cell 4 603'!BH9 -> 708 | AV11: =+'Cell 4 603'!BI9 -> 600 | ... BY11: =+'Cell 4 603'!CL9 -> 1068
G12: Output/H | H12: =H11/8 -> 58.5 | I12: =I11/8 -> 65.25 | J12: =J11/10 -> 30 | K12: =K11/8 -> 0 | L12: =+L11/8 -> 34.5 | M12: =+M11/8 -> 67.5 | N12: =N11/10 -> 44.4 | O12: =O11/10 -> 46.2 | P12: =P11/10 -> 60 | Q12: =Q11/10 -> 58.2 | R12: =SUM(R11:R11)/8 -> 53.625 | S12: =S11/8 -> 0 | T12: =T11/8 -> 0 | U12: =U11/8 -> 0 | V12: =V11/8 -> 0 | W12: =W11/8 -> 0 | X12: =SUM(X11:X11)/8 -> 0 | Y12: =SUM(Y11:Y11)/8 -> 0 | Z12: =SUM(Z11:Z11)/8 -> 0 | AA12: =SUM(AA11:AA11)/8 -> 0 | AB12: =SUM(AB11:AB11)/8 -> 0 | AC12: =SUM(AC11:AC11)/8 -> 0 | AD12: =AD11/8 -> 0 | AE12: =AE11/8 -> 75 | AF12: =AF11/8 -> 75 | AG12: =AG11/10 -> 61.2 | AH12: =AH11/8 -> 84 | AI12: =+AI11/8 -> 43.5 | AJ12: =+AJ11/8 -> 58.5 | AK12: =AK11/9 -> 61.333333 | AL12: =AL11/8 -> 39.5 | AM12: =AM11/8 -> 62.875 | AN12: =SUM(AN11:AN11)/8 -> 86.25 | AO12: =+'Cell 4 603'!BB10 -> 159.75 | AP12: =+'Cell 4 603'!BC10 -> 91.5 | AQ12: =+'Cell 4 603'!BD10 -> 82.5 | AR12: =+'Cell 4 603'!BE10 -> 75 | AS12: =+'Cell 4 603'!BF10 -> 0 | AT12: =+'Cell 4 603'!BG10 -> 0 | AU12: =+'Cell 4 603'!BH10 -> 88.5 | AV12: =+'Cell 4 603'!BI10 -> 75 | ... BY12: =+'Cell 4 603'!CL10 -> 89
B13: Cell 5 | C13: 3 Month | D13: 27 | E13: 26 | F13: =+E13-D13:D13 -> -1 | G13: =G11 -> Output/Day | H13: 126 | I13: 150 | J13: 144 | L13: 222 | M13: 246 | N13: 216 | O13: 246 | P13: 246 | Q13: 288 | R13: 342 | AE13: 528 | AF13: 566 | AG13: 467 | AH13: 442 | AI13: 449 | AJ13: 583 | AK13: 692 | AL13: 714 | AM13: 774 | AN13: 798 | AO13: =+'Cell 5 603'!AS9 -> 960 | AP13: =+'Cell 5 603'!AT9 -> 708 | AQ13: =+'Cell 5 603'!AU9 -> 540 | AR13: =+'Cell 5 603'!AV9 -> 462 | AS13: =+'Cell 5 603'!AW9 -> 222 | AT13: =+'Cell 5 603'!AX9 -> 0 | AU13: =+'Cell 5 603'!AY9 -> 0 | AV13: =+'Cell 5 603'!AZ9 -> 584 | ... BY13: =+'Cell 5 603'!CC9 -> 2292
G14: Output/H | H14: =H13/9 -> 14 | I14: =I13/9 -> 16.666667 | J14: =J13/10 -> 14.4 | K14: =K13/9 -> 0 | L14: =+L13/9 -> 24.666667 | M14: =+M13/9 -> 27.333333 | N14: =N13/10 -> 21.6 | O14: =O13/10 -> 24.6 | P14: =P13/10 -> 24.6 | Q14: =Q13/10 -> 28.8 | R14: =SUM(R13:R13)/8 -> 42.75 | S14: =S13/8 -> 0 | T14: =T13/8 -> 0 | U14: =U13/8 -> 0 | V14: =V13/8 -> 0 | W14: =W13/8 -> 0 | X14: =SUM(X13:X13)/8 -> 0 | Y14: =SUM(Y13:Y13)/8 -> 0 | Z14: =SUM(Z13:Z13)/8 -> 0 | AA14: =SUM(AA13:AA13)/8 -> 0 | AB14: =SUM(AB13:AB13)/8 -> 0 | AC14: =SUM(AC13:AC13)/8 -> 0 | AD14: =AD13/9 -> 0 | AE14: =AE13/9 -> 58.666667 | AF14: =AF13/9 -> 62.888889 | AG14: =AG13/10 -> 46.7 | AH14: =AH13/9 -> 49.111111 | AI14: =+AI13/9 -> 49.888889 | AJ14: =+AJ13/9 -> 64.777778 | AK14: =AK13/9 -> 76.888889 | AL14: =AL13/9 -> 79.333333 | AM14: =AM13/9 -> 86 | AN14: =AN13/9 -> 88.666667 | AO14: =+'Cell 5 603'!AS10 -> 106.66667 | AP14: =+'Cell 5 603'!AT10 -> 88.5 | AQ14: =+'Cell 5 603'!AU10 -> 67.5 | AR14: =+'Cell 5 603'!AV10 -> 57.75 | AS14: =+'Cell 5 603'!AW10 -> 27.75 | AT14: =+'Cell 5 603'!AX10 -> 0 | AU14: =+'Cell 5 603'!AY10 -> 0 | AV14: =+'Cell 5 603'!AZ10 -> 64.888889 | ... BY14: =+'Cell 5 603'!CC10 -> 191
B15: Cell 9 | C15: < 1 Month | D15: 27 | E15: 22 | F15: =+E15-D15:D15 -> -5 | G15: Output/Day | H15: 468 | I15: 522 | J15: 300 | L15: 276 | M15: 540 | N15: 444 | O15: 462 | P15: 600 | Q15: 582 | R15: 429 | AE15: 600 | AF15: 600 | AG15: 612 | AH15: 672 | AI15: 348 | AJ15: 468 | AK15: 552 | AL15: 316 | AM15: 503 | AN15: 690 | AO15: =+'Cell 4 603'!BB13 -> 636 | AP15: =+'Cell 4 603'!BC13 -> 702 | AQ15: =+'Cell 4 603'!BD13 -> 630 | AR15: =+'Cell 4 603'!BE13 -> 546 | AS15: =+'Cell 4 603'!BF13 -> 540 | AT15: =+'Cell 4 603'!BG13 -> 510 | AU15: =+'Cell 4 603'!BH13 -> 600 | AV15: =+'Cell 4 603'!BI13 -> 600 | ... BE15: =+'Cell 4 603'!BR13 -> 810 | BJ15: =+'Cell 9 603'!F9 -> 1074 | BK15: =+'Cell 9 603'!G9 -> 576 | BL15: =+'Cell 9 603'!H9 -> 84 | BM15: =+'Cell 9 603'!I9 -> 240 | BN15: =+'Cell 9 603'!J9 -> 228 | BO15: =+'Cell 9 603'!K9 -> 198 | BP15: =+'Cell 9 603'!L9 -> 222 | BQ15: =+'Cell 9 603'!M9 -> 222 | ... BY15: =+'Cell 9 603'!U9 -> 762
G16: Output/H | H16: =H15/8 -> 58.5 | I16: =I15/8 -> 65.25 | J16: =J15/10 -> 30 | K16: =K15/8 -> 0 | L16: =+L15/8 -> 34.5 | M16: =+M15/8 -> 67.5 | N16: =N15/10 -> 44.4 | O16: =O15/10 -> 46.2 | P16: =P15/10 -> 60 | Q16: =Q15/10 -> 58.2 | R16: =SUM(R15:R15)/8 -> 53.625 | S16: =S15/8 -> 0 | T16: =T15/8 -> 0 | U16: =U15/8 -> 0 | V16: =V15/8 -> 0 | W16: =W15/8 -> 0 | X16: =SUM(X15:X15)/8 -> 0 | Y16: =SUM(Y15:Y15)/8 -> 0 | Z16: =SUM(Z15:Z15)/8 -> 0 | AA16: =SUM(AA15:AA15)/8 -> 0 | AB16: =SUM(AB15:AB15)/8 -> 0 | AC16: =SUM(AC15:AC15)/8 -> 0 | AD16: =AD15/8 -> 0 | AE16: =AE15/8 -> 75 | AF16: =AF15/8 -> 75 | AG16: =AG15/10 -> 61.2 | AH16: =AH15/8 -> 84 | AI16: =+AI15/8 -> 43.5 | AJ16: =+AJ15/8 -> 58.5 | AK16: =AK15/9 -> 61.333333 | AL16: =AL15/8 -> 39.5 | AM16: =AM15/8 -> 62.875 | AN16: =SUM(AN15:AN15)/8 -> 86.25 | AO16: =+'Cell 4 603'!BB14 -> 63.6 | AP16: =+'Cell 4 603'!BC14 -> 70.2 | AQ16: =+'Cell 4 603'!BD14 -> 63 | AR16: =+'Cell 4 603'!BE14 -> 54.6 | AS16: =+'Cell 4 603'!BF14 -> 54 | AT16: =+'Cell 4 603'!BG14 -> 51 | AU16: =+'Cell 4 603'!BH14 -> 60 | AV16: =+'Cell 4 603'!BI14 -> 60 | ... BE16: =+'Cell 4 603'!BR14 -> 81 | BJ16: =+'Cell 9 603'!F10 -> 107.4 | BK16: =+'Cell 9 603'!G10 -> 57.6 | BL16: =+'Cell 9 603'!H10 -> 8.4 | BM16: =+'Cell 9 603'!I10 -> 30 | BN16: =+'Cell 9 603'!J10 -> 28.5 | BO16: =+'Cell 9 603'!K10 -> 24.75 | BP16: =+'Cell 9 603'!L10 -> 27.75 | BQ16: =+'Cell 9 603'!M10 -> 27.75 | ... BY16: =+'Cell 9 603'!U10 -> 95.25
B17: Cell 10 | C17: 2 Month | D17: 27 | E17: 25 | F17: =+E17-D17:D17 -> -2 | G17: =G11 -> Output/Day | H17: 72 | I17: 126 | J17: 150 | L17: 107 | M17: 270 | N17: 180 | O17: 246 | P17: 342 | Q17: 402 | R17: 420 | AE17: 541 | AF17: 600 | AG17: 504 | AH17: 722 | AI17: 504 | AJ17: 540 | AK17: 612 | AL17: 703 | AM17: 774 | AN17: 800 | AO17: =+'Cell 10 603'!AI9 -> 636 | AP17: =+'Cell 10 603'!AJ9 -> 456 | AQ17: =+'Cell 10 603'!AK9 -> 504 | AR17: =+'Cell 10 603'!AL9 -> 0 | AS17: =+'Cell 10 603'!AM9 -> 0 | AT17: =+'Cell 10 603'!AN9 -> 504 | AU17: =+'Cell 10 603'!AO9 -> 504 | AV17: =+'Cell 10 603'!AP9 -> 708 | ... BY17: =+'Cell 10 603'!BS9 -> 870
G18: Output/H | H18: =H17/9 -> 8 | I18: =I17/9 -> 14 | J18: =J17/9 -> 16.666667 | K18: =K17/9 -> 0 | L18: =+L17/9 -> 11.888889 | M18: =+M17/9 -> 30 | N18: =N17/9 -> 20 | O18: =O17/9 -> 27.333333 | P18: =P17/9 -> 38 | Q18: =Q17/9 -> 44.666667 | R18: =SUM(R17:R17)/8 -> 52.5 | S18: =S17/8 -> 0 | T18: =T17/8 -> 0 | U18: =U17/8 -> 0 | V18: =V17/8 -> 0 | W18: =W17/8 -> 0 | X18: =SUM(X17:X17)/8 -> 0 | Y18: =SUM(Y17:Y17)/8 -> 0 | Z18: =SUM(Z17:Z17)/8 -> 0 | AA18: =SUM(AA17:AA17)/8 -> 0 | AB18: =SUM(AB17:AB17)/8 -> 0 | AC18: =SUM(AC17:AC17)/8 -> 0 | AD18: =AD17/9 -> 0 | AE18: =AE17/9 -> 60.111111 | AF18: =AF17/9 -> 66.666667 | AG18: =AG17/9 -> 56 | AH18: =AH17/9 -> 80.222222 | AI18: =+AI17/9 -> 56 | AJ18: =+AJ17/9 -> 60 | AK18: =AK17/9 -> 68 | AL18: =AL17/9 -> 78.111111 | AM18: =AM17/9 -> 86 | AN18: =AN17/9 -> 88.888889 | AO18: =+'Cell 10 603'!AI10 -> 79.5 | AP18: =+'Cell 10 603'!AJ10 -> 57 | AQ18: =+'Cell 10 603'!AK10 -> 63 | AR18: =+'Cell 10 603'!AL10 -> 0 | AS18: =+'Cell 10 603'!AM10 -> 0 | AT18: =+'Cell 10 603'!AN10 -> 63 | AU18: =+'Cell 10 603'!AO10 -> 63 | AV18: =+'Cell 10 603'!AP10 -> 88.5 | ... BY18: =+'Cell 10 603'!BS10 -> 72.5
B19: Cell 11 | C19: 1 Month | D19: 27 | E19: 19 | F19: =+E19-D19:D19 -> -8 | G19: =G17 -> Output/Day | H19: 126 | I19: 150 | J19: 144 | L19: 222 | M19: 246 | N19: 216 | O19: 246 | P19: 246 | Q19: 288 | R19: 342 | AE19: 528 | AF19: 566 | AG19: 467 | AH19: 442 | AI19: 449 | AJ19: 583 | AK19: 692 | AL19: 714 | AM19: 774 | AN19: 798 | AO19: =+'Cell 5 603'!AS13 -> 840 | AP19: =+'Cell 5 603'!AT13 -> 702 | AQ19: =+'Cell 5 603'!AU13 -> 702 | AR19: =+'Cell 5 603'!AV13 -> 702 | AS19: =+'Cell 5 603'!AW13 -> 630 | AT19: =+'Cell 5 603'!AX13 -> 804 | AU19: =+'Cell 5 603'!AY13 -> 726 | AV19: =+'Cell 5 603'!AZ13 -> 450 | ... BF19: =+'Cell 5 603'!BJ13 -> 803 | BG19: =+'Cell 11 603'!W9 -> 960 | BH19: =+'Cell 11 603'!X9 -> 954 | BI19: =+'Cell 11 603'!Y9 -> 624 | BJ19: =+'Cell 11 603'!Z9 -> 1126 | BK19: =+'Cell 11 603'!AA9 -> 804 | BL19: =+'Cell 11 603'!AB9 -> 222 | BM19: =+'Cell 11 603'!AC9 -> 948 | BN19: =+'Cell 11 603'!AD9 -> 1032 | ... BY19: =+'Cell 11 603'!AO9 -> 1680
G20: Output/H | H20: =H19/9 -> 14 | I20: =I19/9 -> 16.666667 | J20: =J19/10 -> 14.4 | K20: =K19/9 -> 0 | L20: =+L19/9 -> 24.666667 | M20: =+M19/9 -> 27.333333 | N20: =N19/10 -> 21.6 | O20: =O19/10 -> 24.6 | P20: =P19/10 -> 24.6 | Q20: =Q19/10 -> 28.8 | R20: =SUM(R19:R19)/8 -> 42.75 | S20: =S19/8 -> 0 | T20: =T19/8 -> 0 | U20: =U19/8 -> 0 | V20: =V19/8 -> 0 | W20: =W19/8 -> 0 | X20: =SUM(X19:X19)/8 -> 0 | Y20: =SUM(Y19:Y19)/8 -> 0 | Z20: =SUM(Z19:Z19)/8 -> 0 | AA20: =SUM(AA19:AA19)/8 -> 0 | AB20: =SUM(AB19:AB19)/8 -> 0 | AC20: =SUM(AC19:AC19)/8 -> 0 | AD20: =AD19/9 -> 0 | AE20: =AE19/9 -> 58.666667 | AF20: =AF19/9 -> 62.888889 | AG20: =AG19/10 -> 46.7 | AH20: =AH19/9 -> 49.111111 | AI20: =+AI19/9 -> 49.888889 | AJ20: =+AJ19/9 -> 64.777778 | AK20: =AK19/9 -> 76.888889 | AL20: =AL19/9 -> 79.333333 | AM20: =AM19/9 -> 86 | AN20: =AN19/9 -> 88.666667 | AO20: =+'Cell 5 603'!AS14 -> 84 | AP20: =+'Cell 5 603'!AT14 -> 70.2 | AQ20: =+'Cell 5 603'!AU14 -> 70.2 | AR20: =+'Cell 5 603'!AV14 -> 70.2 | AS20: =+'Cell 5 603'!AW14 -> 63 | AT20: =+'Cell 5 603'!AX14 -> 80.4 | AU20: =+'Cell 5 603'!AY14 -> 72.6 | AV20: =+'Cell 5 603'!AZ14 -> 45 | ... BF20: =+'Cell 5 603'!BJ14 -> 73 | BG20: =+'Cell 11 603'!W10 -> 96 | BH20: =+'Cell 11 603'!X10 -> 95.4 | BI20: =+'Cell 11 603'!Y10 -> 62.4 | BJ20: =+'Cell 11 603'!Z10 -> 112.6 | BK20: =+'Cell 11 603'!AA10 -> 80.4 | BL20: =+'Cell 11 603'!AB10 -> 22.2 | BM20: =+'Cell 11 603'!AC10 -> 79 | BN20: =+'Cell 11 603'!AD10 -> 86 | ... BY20: =+'Cell 11 603'!AO10 -> 168
B21: TARGET RUMP UP LEAN | H21: 12 | I21: 12 | J21: 12 | K21: 12 | L21: 12 | M21: 24 | N21: 24 | O21: 24 | P21: 24 | Q21: 24 | R21: 48 | S21: 48 | T21: 48 | U21: 48 | V21: 48 | W21: 60 | X21: 60 | Y21: 60 | Z21: 60 | AA21: 60 | AB21: 72 | AC21: 72 | AD21: 72 | AE21: 72 | AF21: 72 | AG21: 96 | AH21: 96 | AI21: 96 | AJ21: 96 | AK21: 96 | AL21: 108 | AM21: 108 | AN21: 108 | AO21: 120 | AP21: 120 | AQ21: 120 | AR21: 120 | AS21: 120 | AT21: 120 | AU21: 120 | AV21: 120 | AW21: 120 | AX21: 120 | AY21: 120 | AZ21: 120 | BA21: 120 | BB21: 120 | BC21: 120 | BD21: 120 | BE21: 120 | BF21: 120 | BG21: 120 | BH21: 120 | BI21: 120 | BJ21: 120 | BK21: 120 | BL21: 120 | BM21: 120 | BN21: 120 | BO21: 120 | BP21: 120 | BQ21: 120 | BR21: 120 | BS21: 120 | BT21: 120 | BU21: 120 | BV21: 120 | BW21: 120 | BX21: 120 | BY21: 120 | BZ21: 120 | CA21: 120 | CB21: 120 | CC21: 120 | CD21: 120 | CE21: 120 | CF21: 120 | CG21: 120 | CH21: 120 | CI21: 120 | CJ21: 120 | CK21: 120 | CL21: 108 | CM21: 108 | CN21: 120 | CO21: 120 | CP21: 120 | CQ21: 120 | CR21: 120 | CS21: 120 | CT21: 120 | CU21: 120 | CV21: 120 | CW21: 120 | CX21: 120 | CY21: 120 | CZ21: 120 | DA21: 120 | DB21: 120 | DC21: 120 | DD21: 120 | DE21: 120 | DF21: 120 | DG21: 120 | DH21: 120 | DI21: 120 | DJ21: 120 | DK21: 120 | DL21: 120 | DM21: 120 | DN21: 120 | DO21: 120 | DP21: 120 | DQ21: 120 | DR21: 120 | DS21: 120 | DT21: 120 | DU21: 120 | DV21: 120 | DW21: 120 | DX21: 120 | DY21: 120 | DZ21: 120 | EA21: 120 | EB21: 120 | EC21: 120
B24: COMPUTER STITCHING
B27: Cell | C27: Working Period | D27: STD MP | E27: ACT MP | F27: Gap | G27: Output | H27: Hari ke- | AO27: Day
H28: 1 | I28: 2 | J28: 3 | K28: 4 | L28: 5 | M28: =1+L28 -> 6 | N28: =1+M28 -> 7 | O28: =1+N28 -> 8 | P28: =1+O28 -> 9 | Q28: =1+P28 -> 10 | R28: =1+Q28 -> 11 | S28: =1+R28 -> 12 | T28: =1+S28 -> 13 | ... DE28: =1+DD28 -> 102 | DF28: =1+BF28 -> 52 | DG28: =1+DF28 -> 53 | DH28: =1+DG28 -> 54 | DI28: =1+DH28 -> 55 | DJ28: =1+DI28 -> 56 | DK28: =1+DJ28 -> 57 | DL28: =1+DK28 -> 58 | DM28: =1+DL28 -> 59 | DN28: =1+DM28 -> 60 | ... EC28: =1+EB28 -> 75
H29: 46013 | I29: 46014 | J29: 46015 | K29: 46017 | L29: 46020 | M29: 46021 | N29: 46022 | O29: 46024 | P29: 46027 | Q29: 46028 | R29: 46029 | S29: 46030 | T29: 46031 | U29: 46034 | V29: 46035 | W29: 46036 | X29: 46037 | Y29: 46039 | Z29: 46041 | AA29: 46042 | AB29: 46043 | AC29: 46044 | AD29: 46045 | AE29: 46048 | AF29: 46049 | AG29: 46050 | AH29: 46051 | AI29: 46052 | AJ29: 46055 | AK29: 46056 | AL29: 46057 | AM29: 46058 | AN29: 46059 | AO29: 46083 | AP29: 46084 | AQ29: 46085 | AR29: 46086 | AS29: 46087 | AT29: 46090 | AU29: 46091 | AV29: 46092 | AW29: 46093 | AX29: 46094 | AY29: 46097 | AZ29: 46098 | BA29: 46099 | BB29: 46106 | BC29: 46107 | BD29: 46108 | BE29: 46109 | BF29: 46111 | BG29: 45747 | BH29: 46113 | BI29: 46114 | BJ29: 46115 | BK29: 46116 | BL29: 46118 | BM29: 46119 | BN29: 46120 | BO29: 46121 | BP29: 46122 | BQ29: 46123 | BR29: 46125 | BS29: 46126 | BT29: 46127 | BU29: 46128 | BV29: 46129 | BW29: 46130 | BX29: 46132 | BY29: 46133 | BZ29: 46134 | CA29: 46135 | CB29: 46136 | CC29: 46137 | CD29: 46138 | CE29: 46139 | CF29: 46140 | CG29: 46141 | CH29: 46142 | CI29: 46143 | CJ29: 46144 | CK29: 46145 | CL29: 45778 | CM29: 45779 | CN29: 45780 | CO29: 45781 | CP29: 45782 | CQ29: 45783 | CR29: 45784 | CS29: 45785 | CT29: 45786 | CU29: 45787 | CV29: 45788 | CW29: 45789 | CX29: 45790 | CY29: 45791 | CZ29: 45792 | DA29: 45793 | DB29: 45794 | DC29: 45795 | DD29: 45796 | DE29: 45797 | DF29: 45798 | DG29: 45799 | DH29: 45800 | DI29: 45801 | DJ29: 45802 | DK29: 45803 | DL29: 45804 | DM29: 45805 | DN29: 45806 | DO29: 45807 | DP29: 45808 | DQ29: 45809 | DR29: 45810 | DS29: 45811 | DT29: 45812 | DU29: 45813 | DV29: 45814 | DW29: 45815 | DX29: 45816 | DY29: 45817 | DZ29: 45818 | EA29: 45819 | EB29: 45820 | EC29: 45821
B30: Cell 4 | C30: 3 Month | D30: 35 | E30: 33 | F30: =+E30-D30 -> -2 | G30: Output/Day | H30: 468 | I30: 522 | J30: 300 | L30: 276 | M30: 540 | N30: 444 | O30: 462 | P30: 600 | Q30: 582 | R30: 429 | AE30: 600 | AF30: 600 | AG30: 612 | AH30: 672 | AI30: 348 | AJ30: 468 | AK30: 552 | AL30: 316 | AM30: 503 | AN30: 690 | AO30: =+'Cell 4 603'!BB11 -> 510 | AP30: =+'Cell 4 603'!BC11 -> 612 | AQ30: =+'Cell 4 603'!BD11 -> 580 | AR30: =+'Cell 4 603'!BE11 -> 568 | AS30: =+'Cell 4 603'!BF11 -> 568 | AT30: =+'Cell 4 603'!BG11 -> 480 | AU30: =+'Cell 4 603'!BH11 -> 516 | AV30: =+'Cell 4 603'!BI11 -> 600 | ... BY30: =+'Cell 4 603'!CL11 -> 916
G31: Output/H | H31: =H30/8 -> 58.5 | I31: =I30/8 -> 65.25 | J31: =J30/10 -> 30 | K31: =K30/8 -> 0 | L31: =+L30/8 -> 34.5 | M31: =+M30/8 -> 67.5 | N31: =N30/10 -> 44.4 | O31: =O30/10 -> 46.2 | P31: =P30/10 -> 60 | Q31: =Q30/10 -> 58.2 | R31: =SUM(R30:R30)/8 -> 53.625 | S31: =S30/8 -> 0 | T31: =T30/8 -> 0 | U31: =U30/8 -> 0 | V31: =V30/8 -> 0 | W31: =W30/8 -> 0 | X31: =SUM(X30:X30)/8 -> 0 | Y31: =SUM(Y30:Y30)/8 -> 0 | Z31: =SUM(Z30:Z30)/8 -> 0 | AA31: =SUM(AA30:AA30)/8 -> 0 | AB31: =SUM(AB30:AB30)/8 -> 0 | AC31: =SUM(AC30:AC30)/8 -> 0 | AD31: =AD30/8 -> 0 | AE31: =AE30/8 -> 75 | AF31: =AF30/8 -> 75 | AG31: =AG30/10 -> 61.2 | AH31: =AH30/8 -> 84 | AI31: =+AI30/8 -> 43.5 | AJ31: =+AJ30/8 -> 58.5 | AK31: =AK30/9 -> 61.333333 | AL31: =AL30/8 -> 39.5 | AM31: =AM30/8 -> 62.875 | AN31: =SUM(AN30:AN30)/8 -> 86.25 | AO31: =+'Cell 4 603'!BB12 -> 51 | AP31: =+'Cell 4 603'!BC12 -> 61.2 | AQ31: =+'Cell 4 603'!BD12 -> 58 | AR31: =+'Cell 4 603'!BE12 -> 56.8 | AS31: =+'Cell 4 603'!BF12 -> 56.8 | AT31: =+'Cell 4 603'!BG12 -> 48 | AU31: =+'Cell 4 603'!BH12 -> 51.6 | AV31: =+'Cell 4 603'!BI12 -> 60 | ... BY31: =+'Cell 4 603'!CL12 -> 76.333333
B32: Cell 5 | C32: 3 Month | D32: 35 | E32: 31 | F32: =+E32-D32 -> -4 | G32: =G30 -> Output/Day | H32: 126 | I32: 150 | J32: 144 | L32: 222 | M32: 246 | N32: 216 | O32: 246 | P32: 246 | Q32: 288 | R32: 342 | AE32: 528 | AF32: 566 | AG32: 467 | AH32: 442 | AI32: 449 | AJ32: 583 | AK32: 692 | AL32: 714 | AM32: 774 | AN32: 798 | AO32: =+'Cell 5 603'!AS11 -> 502 | AP32: =+'Cell 5 603'!AT11 -> 714 | AQ32: =+'Cell 5 603'!AU11 -> 573 | AR32: =+'Cell 5 603'!AV11 -> 562 | AS32: =+'Cell 5 603'!AW11 -> 603 | AT32: =+'Cell 5 603'!AX11 -> 780 | AU32: =+'Cell 5 603'!AY11 -> 570 | AV32: =+'Cell 5 603'!AZ11 -> 450 | ... BY32: =+'Cell 5 603'!CC11 -> 1000
G33: Output/H | H33: =H32/9 -> 14 | I33: =I32/9 -> 16.666667 | J33: =J32/10 -> 14.4 | K33: =K32/9 -> 0 | L33: =+L32/9 -> 24.666667 | M33: =+M32/9 -> 27.333333 | N33: =N32/10 -> 21.6 | O33: =O32/10 -> 24.6 | P33: =P32/10 -> 24.6 | Q33: =Q32/10 -> 28.8 | R33: =SUM(R32:R32)/8 -> 42.75 | S33: =S32/8 -> 0 | T33: =T32/8 -> 0 | U33: =U32/8 -> 0 | V33: =V32/8 -> 0 | W33: =W32/8 -> 0 | X33: =SUM(X32:X32)/8 -> 0 | Y33: =SUM(Y32:Y32)/8 -> 0 | Z33: =SUM(Z32:Z32)/8 -> 0 | AA33: =SUM(AA32:AA32)/8 -> 0 | AB33: =SUM(AB32:AB32)/8 -> 0 | AC33: =SUM(AC32:AC32)/8 -> 0 | AD33: =AD32/9 -> 0 | AE33: =AE32/9 -> 58.666667 | AF33: =AF32/9 -> 62.888889 | AG33: =AG32/10 -> 46.7 | AH33: =AH32/9 -> 49.111111 | AI33: =+AI32/9 -> 49.888889 | AJ33: =+AJ32/9 -> 64.777778 | AK33: =AK32/9 -> 76.888889 | AL33: =AL32/9 -> 79.333333 | AM33: =AM32/9 -> 86 | AN33: =AN32/9 -> 88.666667 | AO33: =+'Cell 5 603'!AS12 -> 50.2 | AP33: =+'Cell 5 603'!AT12 -> 71.4 | AQ33: =+'Cell 5 603'!AU12 -> 57.3 | AR33: =+'Cell 5 603'!AV12 -> 56.2 | AS33: =+'Cell 5 603'!AW12 -> 60.3 | AT33: =+'Cell 5 603'!AX12 -> 78 | AU33: =+'Cell 5 603'!AY12 -> 57 | AV33: =+'Cell 5 603'!AZ12 -> 45 | ... BY33: =+'Cell 5 603'!CC12 -> 83.333333
B34: Cell 10 | C34: 2 Month | D34: 35 | E34: 28 | F34: =+E34-D34 -> -7 | G34: =G30 -> Output/Day | H34: 72 | I34: 126 | J34: 150 | L34: 107 | M34: 270 | N34: 180 | O34: 246 | P34: 342 | Q34: 402 | R34: 420 | AE34: 541 | AF34: 600 | AG34: 504 | AH34: 722 | AI34: 504 | AJ34: 540 | AK34: 612 | AL34: 703 | AM34: 774 | AN34: 800 | AO34: =+'Cell 10 603'!AI11 -> 750 | AP34: =+'Cell 10 603'!AJ11 -> 777 | AQ34: =+'Cell 10 603'!AK11 -> 528 | AR34: =+'Cell 10 603'!AL11 -> 550 | AS34: =+'Cell 10 603'!AM11 -> 636 | AT34: =+'Cell 10 603'!AN11 -> 510 | AU34: =+'Cell 10 603'!AO11 -> 477 | AV34: =+'Cell 10 603'!AP11 -> 550 | ... BY34: =+'Cell 10 603'!BS11 -> 1680
G35: Output/H | H35: =H34/9 -> 8 | I35: =I34/9 -> 14 | J35: =J34/9 -> 16.666667 | K35: =K34/9 -> 0 | L35: =+L34/9 -> 11.888889 | M35: =+M34/9 -> 30 | N35: =N34/9 -> 20 | O35: =O34/9 -> 27.333333 | P35: =P34/9 -> 38 | Q35: =Q34/9 -> 44.666667 | R35: =SUM(R34:R34)/8 -> 52.5 | S35: =S34/8 -> 0 | T35: =T34/8 -> 0 | U35: =U34/8 -> 0 | V35: =V34/8 -> 0 | W35: =W34/8 -> 0 | X35: =SUM(X34:X34)/8 -> 0 | Y35: =SUM(Y34:Y34)/8 -> 0 | Z35: =SUM(Z34:Z34)/8 -> 0 | AA35: =SUM(AA34:AA34)/8 -> 0 | AB35: =SUM(AB34:AB34)/8 -> 0 | AC35: =SUM(AC34:AC34)/8 -> 0 | AD35: =AD34/9 -> 0 | AE35: =AE34/9 -> 60.111111 | AF35: =AF34/9 -> 66.666667 | AG35: =AG34/9 -> 56 | AH35: =AH34/9 -> 80.222222 | AI35: =+AI34/9 -> 56 | AJ35: =+AJ34/9 -> 60 | AK35: =AK34/9 -> 68 | AL35: =AL34/9 -> 78.111111 | AM35: =AM34/9 -> 86 | AN35: =AN34/9 -> 88.888889 | AO35: =+'Cell 10 603'!AI12 -> 75 | AP35: =+'Cell 10 603'!AJ12 -> 77.7 | AQ35: =+'Cell 10 603'!AK12 -> 66 | AR35: =+'Cell 10 603'!AL12 -> 68.75 | AS35: =+'Cell 10 603'!AM12 -> 63.6 | AT35: =+'Cell 10 603'!AN12 -> 56.666667 | AU35: =+'Cell 10 603'!AO12 -> 47.7 | AV35: =+'Cell 10 603'!AP12 -> 55 | ... BY35: =+'Cell 10 603'!BS12 -> 140
B36: Cell 9 | C36: < 1 Month | D36: 35 | E36: 31 | F36: =+E36-D36 -> -4 | G36: =G32 -> Output/Day | H36: 72 | I36: 126 | J36: 150 | L36: 107 | M36: 270 | N36: 180 | O36: 246 | P36: 342 | Q36: 402 | R36: 420 | AE36: 541 | AF36: 600 | AG36: 504 | AH36: 722 | AI36: 504 | AJ36: 540 | AK36: 612 | AL36: 703 | AM36: 774 | AN36: 800 | BJ36: =+'Cell 9 603'!F11 -> 0 | BK36: =+'Cell 9 603'!G11 -> 0 | BL36: =+'Cell 9 603'!H11 -> 0 | BM36: =+'Cell 9 603'!I11 -> 0 | BN36: =+'Cell 9 603'!J11 -> 108 | BO36: =+'Cell 9 603'!K11 -> 138 | BP36: =+'Cell 9 603'!L11 -> 132 | BQ36: =+'Cell 9 603'!M11 -> 0 | ... BY36: =+'Cell 9 603'!U11 -> 228
G37: Output/H | H37: =H36/9 -> 8 | I37: =I36/9 -> 14 | J37: =J36/9 -> 16.666667 | K37: =K36/9 -> 0 | L37: =+L36/9 -> 11.888889 | M37: =+M36/9 -> 30 | N37: =N36/9 -> 20 | O37: =O36/9 -> 27.333333 | P37: =P36/9 -> 38 | Q37: =Q36/9 -> 44.666667 | R37: =SUM(R36:R36)/8 -> 52.5 | S37: =S36/8 -> 0 | T37: =T36/8 -> 0 | U37: =U36/8 -> 0 | V37: =V36/8 -> 0 | W37: =W36/8 -> 0 | X37: =SUM(X36:X36)/8 -> 0 | Y37: =SUM(Y36:Y36)/8 -> 0 | Z37: =SUM(Z36:Z36)/8 -> 0 | AA37: =SUM(AA36:AA36)/8 -> 0 | AB37: =SUM(AB36:AB36)/8 -> 0 | AC37: =SUM(AC36:AC36)/8 -> 0 | AD37: =AD36/9 -> 0 | AE37: =AE36/9 -> 60.111111 | AF37: =AF36/9 -> 66.666667 | AG37: =AG36/9 -> 56 | AH37: =AH36/9 -> 80.222222 | AI37: =+AI36/9 -> 56 | AJ37: =+AJ36/9 -> 60 | AK37: =AK36/9 -> 68 | AL37: =AL36/9 -> 78.111111 | AM37: =AM36/9 -> 86 | AN37: =AN36/9 -> 88.888889 | BJ37: =+'Cell 9 603'!F12 -> 0 | BK37: =+'Cell 9 603'!G12 -> 0 | BL37: =+'Cell 9 603'!H12 -> 0 | BM37: =+'Cell 9 603'!I12 -> 0 | BN37: =+'Cell 9 603'!J12 -> 13.5 | BO37: =+'Cell 9 603'!K12 -> 17.25 | BP37: =+'Cell 9 603'!L12 -> 16.5 | BQ37: =+'Cell 9 603'!M12 -> 0 | ... BY37: =+'Cell 9 603'!U12 -> 25.333333
B38: Cell 11 | C38: 1 Month | D38: 35 | E38: 32 | F38: =+E38-D38 -> -3 | G38: =G34 -> Output/Day | H38: 72 | I38: 126 | J38: 150 | L38: 107 | M38: 270 | N38: 180 | O38: 246 | P38: 342 | Q38: 402 | R38: 420 | AE38: 541 | AF38: 600 | AG38: 504 | AH38: 722 | AI38: 504 | AJ38: 540 | AK38: 612 | AL38: 703 | AM38: 774 | AN38: 800 | AO38: =+'Cell 10 603'!AI15 -> 1060 | AP38: =+'Cell 10 603'!AJ15 -> 1050 | AQ38: =+'Cell 10 603'!AK15 -> 1025 | AR38: =+'Cell 10 603'!AL15 -> 1080 | AS38: =+'Cell 10 603'!AM15 -> 1050 | AT38: =+'Cell 10 603'!AN15 -> 840 | AU38: =+'Cell 10 603'!AO15 -> 870 | AV38: =+'Cell 10 603'!AP15 -> 830 | ... BE38: =+'Cell 10 603'!AY15 -> 674 | BJ38: =+'Cell 11 603'!Z11 -> 870 | BK38: =+'Cell 11 603'!AA11 -> 762 | BL38: =+'Cell 11 603'!AB11 -> 624 | BM38: =+'Cell 11 603'!AC11 -> 816 | BN38: =+'Cell 11 603'!AD11 -> 856 | BO38: =+'Cell 11 603'!AE11 -> 792 | BP38: =+'Cell 11 603'!AF11 -> 822 | BQ38: =+'Cell 11 603'!AG11 -> 744 | ... BY38: =+'Cell 11 603'!AO11 -> 1218
G39: Output/H | H39: =H38/9 -> 8 | I39: =I38/9 -> 14 | J39: =J38/9 -> 16.666667 | K39: =K38/9 -> 0 | L39: =+L38/9 -> 11.888889 | M39: =+M38/9 -> 30 | N39: =N38/9 -> 20 | O39: =O38/9 -> 27.333333 | P39: =P38/9 -> 38 | Q39: =Q38/9 -> 44.666667 | R39: =SUM(R38:R38)/8 -> 52.5 | S39: =S38/8 -> 0 | T39: =T38/8 -> 0 | U39: =U38/8 -> 0 | V39: =V38/8 -> 0 | W39: =W38/8 -> 0 | X39: =SUM(X38:X38)/8 -> 0 | Y39: =SUM(Y38:Y38)/8 -> 0 | Z39: =SUM(Z38:Z38)/8 -> 0 | AA39: =SUM(AA38:AA38)/8 -> 0 | AB39: =SUM(AB38:AB38)/8 -> 0 | AC39: =SUM(AC38:AC38)/8 -> 0 | AD39: =AD38/9 -> 0 | AE39: =AE38/9 -> 60.111111 | AF39: =AF38/9 -> 66.666667 | AG39: =AG38/9 -> 56 | AH39: =AH38/9 -> 80.222222 | AI39: =+AI38/9 -> 56 | AJ39: =+AJ38/9 -> 60 | AK39: =AK38/9 -> 68 | AL39: =AL38/9 -> 78.111111 | AM39: =AM38/9 -> 86 | AN39: =AN38/9 -> 88.888889 | AO39: =+'Cell 10 603'!AI16 -> 117.77778 | AP39: =+'Cell 10 603'!AJ16 -> 116.66667 | AQ39: =+'Cell 10 603'!AK16 -> 113.88889 | AR39: =+'Cell 10 603'!AL16 -> 120 | AS39: =+'Cell 10 603'!AM16 -> 105 | AT39: =+'Cell 10 603'!AN16 -> 84 | AU39: =+'Cell 10 603'!AO16 -> 96.666667 | AV39: =+'Cell 10 603'!AP16 -> 92.222222 | ... BE39: =+'Cell 10 603'!AY16 -> 96.285714 | BJ39: =+'Cell 11 603'!Z12 -> 72.5 | BK39: =+'Cell 11 603'!AA12 -> 63.5 | BL39: =+'Cell 11 603'!AB12 -> 52 | BM39: =+'Cell 11 603'!AC12 -> 68 | BN39: =+'Cell 11 603'!AD12 -> 71.333333 | BO39: =+'Cell 11 603'!AE12 -> 66 | BP39: =+'Cell 11 603'!AF12 -> 68.5 | BQ39: =+'Cell 11 603'!AG12 -> 74.4 | ... BY39: =+'Cell 11 603'!AO12 -> 101.5
B40: Cell D6 | C40: < 1 Month | D40: 35 | E40: 30 | F40: =+E40-D40 -> -5 | G40: =G34 -> Output/Day | H40: 72 | I40: 126 | J40: 150 | L40: 107 | M40: 270 | N40: 180 | O40: 246 | P40: 342 | Q40: 402 | R40: 420 | AE40: 541 | AF40: 600 | AG40: 504 | AH40: 722 | AI40: 504 | AJ40: 540 | AK40: 612 | AL40: 703 | AM40: 774 | AN40: 800 | AO40: =+'Cell 10 603'!AI34 -> 0 | AP40: =+'Cell 10 603'!AJ34 -> 0 | AQ40: =+'Cell 10 603'!AK34 -> 0 | AR40: =+'Cell 10 603'!AL34 -> 0 | AS40: =+'Cell 10 603'!AM34 -> 0 | AT40: =+'Cell 10 603'!AN34 -> 0 | AU40: =+'Cell 10 603'!AO34 -> 0 | AV40: =+'Cell 10 603'!AP34 -> 0 | ... BI40: =+'Cell 10 603'!BC34 -> 0 | BL40: =+'Cell D6'!R11 -> 102 | BM40: =+'Cell D6'!S11 -> 0 | BN40: =+'Cell D6'!T11 -> 192 | BO40: =+'Cell D6'!U11 -> 246 | BP40: =+'Cell D6'!V11 -> 162 | BQ40: =+'Cell D6'!W11 -> 102 | BR40: =+'Cell D6'!X11 -> 232 | BS40: =+'Cell D6'!Y11 -> 150 | ... BY40: =+'Cell D6'!AE11 -> 217
G41: Output/H | H41: =H40/9 -> 8 | I41: =I40/9 -> 14 | J41: =J40/9 -> 16.666667 | K41: =K40/9 -> 0 | L41: =+L40/9 -> 11.888889 | M41: =+M40/9 -> 30 | N41: =N40/9 -> 20 | O41: =O40/9 -> 27.333333 | P41: =P40/9 -> 38 | Q41: =Q40/9 -> 44.666667 | R41: =SUM(R40:R40)/8 -> 52.5 | S41: =S40/8 -> 0 | T41: =T40/8 -> 0 | U41: =U40/8 -> 0 | V41: =V40/8 -> 0 | W41: =W40/8 -> 0 | X41: =SUM(X40:X40)/8 -> 0 | Y41: =SUM(Y40:Y40)/8 -> 0 | Z41: =SUM(Z40:Z40)/8 -> 0 | AA41: =SUM(AA40:AA40)/8 -> 0 | AB41: =SUM(AB40:AB40)/8 -> 0 | AC41: =SUM(AC40:AC40)/8 -> 0 | AD41: =AD40/9 -> 0 | AE41: =AE40/9 -> 60.111111 | AF41: =AF40/9 -> 66.666667 | AG41: =AG40/9 -> 56 | AH41: =AH40/9 -> 80.222222 | AI41: =+AI40/9 -> 56 | AJ41: =+AJ40/9 -> 60 | AK41: =AK40/9 -> 68 | AL41: =AL40/9 -> 78.111111 | AM41: =AM40/9 -> 86 | AN41: =AN40/9 -> 88.888889 | AO41: =+'Cell 10 603'!AI35 -> 0 | AP41: =+'Cell 10 603'!AJ35 -> 0 | AQ41: =+'Cell 10 603'!AK35 -> 0 | AR41: =+'Cell 10 603'!AL35 -> 0 | AS41: =+'Cell 10 603'!AM35 -> 0 | AT41: =+'Cell 10 603'!AN35 -> 0 | AU41: =+'Cell 10 603'!AO35 -> 0 | AV41: =+'Cell 10 603'!AP35 -> 0 | ... BI41: =+'Cell 10 603'!BC35 -> 0 | BL41: =+'Cell D6'!R12 -> 11.333333 | BM41: =+'Cell D6'!S12 -> 0 | BN41: =+'Cell D6'!T12 -> 21.333333 | BO41: =+'Cell D6'!U12 -> 27.333333 | BP41: =+'Cell D6'!V12 -> 18 | BQ41: =+'Cell D6'!W12 -> 11.333333 | BR41: =+'Cell D6'!X12 -> 25.777778 | BS41: =+'Cell D6'!Y12 -> 16.666667 | ... BY41: =+'Cell D6'!AE12 -> 18.083333
B42: TARGET RUMP UP LEAN | H42: 12 | I42: 12 | J42: 12 | K42: 12 | L42: 12 | M42: 24 | N42: 24 | O42: 24 | P42: 24 | Q42: 24 | R42: 48 | S42: 48 | T42: 48 | U42: 48 | V42: 48 | W42: 60 | X42: 60 | Y42: 60 | Z42: 60 | AA42: 60 | AB42: 72 | AC42: 72 | AD42: 72 | AE42: 72 | AF42: 72 | AG42: 96 | AH42: 96 | AI42: 96 | AJ42: 96 | AK42: 96 | AL42: 108 | AM42: 108 | AN42: 108 | AO42: 120 | AP42: 120 | AQ42: 120 | AR42: 120 | AS42: 120 | AT42: 120 | AU42: 120 | AV42: 120 | AW42: 120 | AX42: 120 | AY42: 120 | AZ42: 120 | BA42: 120 | BB42: 120 | BC42: 120 | BD42: 120 | BE42: 120 | BF42: 120 | BG42: 120 | BH42: 120 | BI42: 120 | BJ42: 120 | BK42: 120 | BL42: 120 | BM42: 120 | BN42: 120 | BO42: 120 | BP42: 120 | BQ42: 120 | BR42: 120 | BS42: 120 | BT42: 120 | BU42: 120 | BV42: 120 | BW42: 120 | BX42: 120 | BY42: 120 | BZ42: 120 | CA42: 120 | CB42: 120 | CC42: 120 | CD42: 120 | CE42: 120 | CF42: 120 | CG42: 120 | CH42: 120 | CI42: 120 | CJ42: 120 | CK42: 120 | CL42: 108 | CM42: 108 | CN42: 120 | CO42: 120 | CP42: 120 | CQ42: 120 | CR42: 120 | CS42: 120 | CT42: 120 | CU42: 120 | CV42: 120 | CW42: 120 | CX42: 120 | CY42: 120 | CZ42: 120 | DA42: 120 | DB42: 120 | DC42: 120 | DD42: 120 | DE42: 120 | DF42: 120 | DG42: 120 | DH42: 120 | DI42: 120 | DJ42: 120 | DK42: 120 | DL42: 120 | DM42: 120 | DN42: 120 | DO42: 120 | DP42: 120 | DQ42: 120 | DR42: 120 | DS42: 120 | DT42: 120 | DU42: 120 | DV42: 120 | DW42: 120 | DX42: 120 | DY42: 120 | DZ42: 120 | EA42: 120 | EB42: 120 | EC42: 120
B45: SEWING
B48: Cell | C48: Working Period | D48: STD MP | E48: ACT MP | F48: Gap | G48: Output | H48: Hari ke- | AO48: Day
H49: 1 | I49: 2 | J49: 3 | K49: 4 | L49: 5 | M49: =1+L49 -> 6 | N49: =1+M49 -> 7 | O49: =1+N49 -> 8 | P49: =1+O49 -> 9 | Q49: =1+P49 -> 10 | R49: =1+Q49 -> 11 | S49: =1+R49 -> 12 | T49: =1+S49 -> 13 | ... DE49: =1+DD49 -> 102 | DF49: =1+BF49 -> 52 | DG49: =1+DF49 -> 53 | DH49: =1+DG49 -> 54 | DI49: =1+DH49 -> 55 | DJ49: =1+DI49 -> 56 | DK49: =1+DJ49 -> 57 | DL49: =1+DK49 -> 58 | DM49: =1+DL49 -> 59 | DN49: =1+DM49 -> 60 | ... EC49: =1+EB49 -> 75
H50: 46013 | I50: 46014 | J50: 46015 | K50: 46017 | L50: 46020 | M50: 46021 | N50: 46022 | O50: 46024 | P50: 46027 | Q50: 46028 | R50: 46029 | S50: 46030 | T50: 46031 | U50: 46034 | V50: 46035 | W50: 46036 | X50: 46037 | Y50: 46039 | Z50: 46041 | AA50: 46042 | AB50: 46043 | AC50: 46044 | AD50: 46045 | AE50: 46048 | AF50: 46049 | AG50: 46050 | AH50: 46051 | AI50: 46052 | AJ50: 46055 | AK50: 46056 | AL50: 46057 | AM50: 46058 | AN50: 46059 | AO50: 46083 | AP50: 46084 | AQ50: 46085 | AR50: 46086 | AS50: 46087 | AT50: 46090 | AU50: 46091 | AV50: 46092 | AW50: 46093 | AX50: 46094 | AY50: 46097 | AZ50: 46098 | BA50: 46099 | BB50: 46106 | BC50: 46107 | BD50: 46108 | BE50: 46109 | BF50: 46111 | BG50: 45747 | BH50: 46113 | BI50: 46114 | BJ50: 46115 | BK50: 46116 | BL50: 46118 | BM50: 46119 | BN50: 46120 | BO50: 46121 | BP50: 46122 | BQ50: 46123 | BR50: 46125 | BS50: 46126 | BT50: 46127 | BU50: 46128 | BV50: 46129 | BW50: 46130 | BX50: 46132 | BY50: 46133 | BZ50: 46134 | CA50: 46135 | CB50: 46136 | CC50: 46137 | CD50: 46138 | CE50: 46139 | CF50: 46140 | CG50: 46141 | CH50: 46142 | CI50: 46143 | CJ50: 46144 | CK50: 46145 | CL50: 45778 | CM50: 45779 | CN50: 45780 | CO50: 45781 | CP50: 45782 | CQ50: 45783 | CR50: 45784 | CS50: 45785 | CT50: 45786 | CU50: 45787 | CV50: 45788 | CW50: 45789 | CX50: 45790 | CY50: 45791 | CZ50: 45792 | DA50: 45793 | DB50: 45794 | DC50: 45795 | DD50: 45796 | DE50: 45797 | DF50: 45798 | DG50: 45799 | DH50: 45800 | DI50: 45801 | DJ50: 45802 | DK50: 45803 | DL50: 45804 | DM50: 45805 | DN50: 45806 | DO50: 45807 | DP50: 45808 | DQ50: 45809 | DR50: 45810 | DS50: 45811 | DT50: 45812 | DU50: 45813 | DV50: 45814 | DW50: 45815 | DX50: 45816 | DY50: 45817 | DZ50: 45818 | EA50: 45819 | EB50: 45820 | EC50: 45821
B51: Cell 4 | C51: 3 Month | D51: 29 | E51: 29 | F51: =+E51-D51 -> 0 | G51: Output/Day | H51: 468 | I51: 522 | J51: 300 | L51: 276 | M51: 540 | N51: 444 | O51: 462 | P51: 600 | Q51: 582 | R51: 429 | AE51: 600 | AF51: 600 | AG51: 612 | AH51: 672 | AI51: 348 | AJ51: 468 | AK51: 552 | AL51: 316 | AM51: 503 | AN51: 690 | AO51: =+'Cell 4 603'!BB13 -> 636 | AP51: =+'Cell 4 603'!BC13 -> 702 | AQ51: =+'Cell 4 603'!BD13 -> 630 | AR51: =+'Cell 4 603'!BE13 -> 546 | AS51: =+'Cell 4 603'!BF13 -> 540 | AT51: =+'Cell 4 603'!BG13 -> 510 | AU51: =+'Cell 4 603'!BH13 -> 600 | AV51: =+'Cell 4 603'!BI13 -> 600 | ... BY51: =+'Cell 4 603'!CL13 -> 980
G52: Output/H | H52: =H51/8 -> 58.5 | I52: =I51/8 -> 65.25 | J52: =J51/10 -> 30 | K52: =K51/8 -> 0 | L52: =+L51/8 -> 34.5 | M52: =+M51/8 -> 67.5 | N52: =N51/10 -> 44.4 | O52: =O51/10 -> 46.2 | P52: =P51/10 -> 60 | Q52: =Q51/10 -> 58.2 | R52: =SUM(R51:R51)/8 -> 53.625 | S52: =S51/8 -> 0 | T52: =T51/8 -> 0 | U52: =U51/8 -> 0 | V52: =V51/8 -> 0 | W52: =W51/8 -> 0 | X52: =SUM(X51:X51)/8 -> 0 | Y52: =SUM(Y51:Y51)/8 -> 0 | Z52: =SUM(Z51:Z51)/8 -> 0 | AA52: =SUM(AA51:AA51)/8 -> 0 | AB52: =SUM(AB51:AB51)/8 -> 0 | AC52: =SUM(AC51:AC51)/8 -> 0 | AD52: =AD51/8 -> 0 | AE52: =AE51/8 -> 75 | AF52: =AF51/8 -> 75 | AG52: =AG51/10 -> 61.2 | AH52: =AH51/8 -> 84 | AI52: =+AI51/8 -> 43.5 | AJ52: =+AJ51/8 -> 58.5 | AK52: =AK51/9 -> 61.333333 | AL52: =AL51/8 -> 39.5 | AM52: =AM51/8 -> 62.875 | AN52: =SUM(AN51:AN51)/8 -> 86.25 | AO52: =+'Cell 4 603'!BB14 -> 63.6 | AP52: =+'Cell 4 603'!BC14 -> 70.2 | AQ52: =+'Cell 4 603'!BD14 -> 63 | AR52: =+'Cell 4 603'!BE14 -> 54.6 | AS52: =+'Cell 4 603'!BF14 -> 54 | AT52: =+'Cell 4 603'!BG14 -> 51 | AU52: =+'Cell 4 603'!BH14 -> 60 | AV52: =+'Cell 4 603'!BI14 -> 60 | ... BY52: =+'Cell 4 603'!CL14 -> 81.666667
B53: Cell 5 | C53: 3 Month | D53: 29 | E53: 27 | F53: =+E53-D53 -> -2 | G53: =G51 -> Output/Day | H53: 126 | I53: 150 | J53: 144 | L53: 222 | M53: 246 | N53: 216 | O53: 246 | P53: 246 | Q53: 288 | R53: 342 | AE53: 528 | AF53: 566 | AG53: 467 | AH53: 442 | AI53: 449 | AJ53: 583 | AK53: 692 | AL53: 714 | AM53: 774 | AN53: 798 | AO53: =+'Cell 5 603'!AS13 -> 840 | AP53: =+'Cell 5 603'!AT13 -> 702 | AQ53: =+'Cell 5 603'!AU13 -> 702 | AR53: =+'Cell 5 603'!AV13 -> 702 | AS53: =+'Cell 5 603'!AW13 -> 630 | AT53: =+'Cell 5 603'!AX13 -> 804 | AU53: =+'Cell 5 603'!AY13 -> 726 | AV53: =+'Cell 5 603'!AZ13 -> 450 | ... BY53: =+'Cell 5 603'!CC13 -> 980
G54: Output/H | H54: =H53/9 -> 14 | I54: =I53/9 -> 16.666667 | J54: =J53/10 -> 14.4 | K54: =K53/9 -> 0 | L54: =+L53/9 -> 24.666667 | M54: =+M53/9 -> 27.333333 | N54: =N53/10 -> 21.6 | O54: =O53/10 -> 24.6 | P54: =P53/10 -> 24.6 | Q54: =Q53/10 -> 28.8 | R54: =SUM(R53:R53)/8 -> 42.75 | S54: =S53/8 -> 0 | T54: =T53/8 -> 0 | U54: =U53/8 -> 0 | V54: =V53/8 -> 0 | W54: =W53/8 -> 0 | X54: =SUM(X53:X53)/8 -> 0 | Y54: =SUM(Y53:Y53)/8 -> 0 | Z54: =SUM(Z53:Z53)/8 -> 0 | AA54: =SUM(AA53:AA53)/8 -> 0 | AB54: =SUM(AB53:AB53)/8 -> 0 | AC54: =SUM(AC53:AC53)/8 -> 0 | AD54: =AD53/9 -> 0 | AE54: =AE53/9 -> 58.666667 | AF54: =AF53/9 -> 62.888889 | AG54: =AG53/10 -> 46.7 | AH54: =AH53/9 -> 49.111111 | AI54: =+AI53/9 -> 49.888889 | AJ54: =+AJ53/9 -> 64.777778 | AK54: =AK53/9 -> 76.888889 | AL54: =AL53/9 -> 79.333333 | AM54: =AM53/9 -> 86 | AN54: =AN53/9 -> 88.666667 | AO54: =+'Cell 5 603'!AS14 -> 84 | AP54: =+'Cell 5 603'!AT14 -> 70.2 | AQ54: =+'Cell 5 603'!AU14 -> 70.2 | AR54: =+'Cell 5 603'!AV14 -> 70.2 | AS54: =+'Cell 5 603'!AW14 -> 63 | AT54: =+'Cell 5 603'!AX14 -> 80.4 | AU54: =+'Cell 5 603'!AY14 -> 72.6 | AV54: =+'Cell 5 603'!AZ14 -> 45 | ... BY54: =+'Cell 5 603'!CC14 -> 81.666667
B55: Cell 9 | C55: < 1 Month | D55: 29 | E55: 28 | F55: =+E55-D55 -> -1 | G55: =G53 -> Output/Day | H55: 126 | I55: 150 | J55: 144 | L55: 222 | M55: 246 | N55: 216 | O55: 246 | P55: 246 | Q55: 288 | R55: 342 | AE55: 528 | AF55: 566 | AG55: 467 | AH55: 442 | AI55: 449 | AJ55: 583 | AK55: 692 | AL55: 714 | AM55: 774 | AN55: 798 | AO55: 0 | AP55: =+'Cell 11 603'!F9 -> 0 | AQ55: =+'Cell 11 603'!G9 -> 0 | AR55: =+'Cell 11 603'!H9 -> 0 | AS55: =+'Cell 11 603'!I9 -> 0 | AT55: =+'Cell 11 603'!J9 -> 0 | AU55: =+'Cell 11 603'!K9 -> 0 | AV55: =+'Cell 11 603'!L9 -> 0 | AW55: =+'Cell 11 603'!M9 -> 0 | ... BE55: =+'Cell 11 603'!U9 -> 1080 | BN55: =+'Cell 9 603'!J13 -> 840 | BO55: =+'Cell 9 603'!K13 -> 113 | BP55: =+'Cell 9 603'!L13 -> 161 | BQ55: =+'Cell 9 603'!M13 -> 0 | BR55: =+'Cell 9 603'!N13 -> 270 | BS55: =+'Cell 9 603'!O13 -> 272 | BT55: =+'Cell 9 603'!P13 -> 281 | BU55: =+'Cell 9 603'!Q13 -> 270 | ... BY55: =+'Cell 9 603'!U13 -> 336
G56: Output/H | H56: =H55/9 -> 14 | I56: =I55/9 -> 16.666667 | J56: =J55/10 -> 14.4 | K56: =K55/9 -> 0 | L56: =+L55/9 -> 24.666667 | M56: =+M55/9 -> 27.333333 | N56: =N55/10 -> 21.6 | O56: =O55/10 -> 24.6 | P56: =P55/10 -> 24.6 | Q56: =Q55/10 -> 28.8 | R56: =SUM(R55:R55)/8 -> 42.75 | S56: =S55/8 -> 0 | T56: =T55/8 -> 0 | U56: =U55/8 -> 0 | V56: =V55/8 -> 0 | W56: =W55/8 -> 0 | X56: =SUM(X55:X55)/8 -> 0 | Y56: =SUM(Y55:Y55)/8 -> 0 | Z56: =SUM(Z55:Z55)/8 -> 0 | AA56: =SUM(AA55:AA55)/8 -> 0 | AB56: =SUM(AB55:AB55)/8 -> 0 | AC56: =SUM(AC55:AC55)/8 -> 0 | AD56: =AD55/9 -> 0 | AE56: =AE55/9 -> 58.666667 | AF56: =AF55/9 -> 62.888889 | AG56: =AG55/10 -> 46.7 | AH56: =AH55/9 -> 49.111111 | AI56: =+AI55/9 -> 49.888889 | AJ56: =+AJ55/9 -> 64.777778 | AK56: =AK55/9 -> 76.888889 | AL56: =AL55/9 -> 79.333333 | AM56: =AM55/9 -> 86 | AN56: =AN55/9 -> 88.666667 | AO56: 0 | AP56: =+'Cell 11 603'!F10 -> 0 | AQ56: =+'Cell 11 603'!G10 -> 0 | AR56: =+'Cell 11 603'!H10 -> 0 | AS56: =+'Cell 11 603'!I10 -> 0 | AT56: =+'Cell 11 603'!J10 -> 0 | AU56: =+'Cell 11 603'!K10 -> 0 | AV56: =+'Cell 11 603'!L10 -> 0 | AW56: =+'Cell 11 603'!M10 -> 0 | ... BE56: =+'Cell 11 603'!U10 -> 108 | BN56: =+'Cell 9 603'!J14 -> 105 | BO56: =+'Cell 9 603'!K14 -> 14.125 | BP56: =+'Cell 9 603'!L14 -> 20.125 | BQ56: =+'Cell 9 603'!M14 -> 0 | BR56: =+'Cell 9 603'!N14 -> 33.75 | BS56: =+'Cell 9 603'!O14 -> 34 | BT56: =+'Cell 9 603'!P14 -> 31.222222 | BU56: =+'Cell 9 603'!Q14 -> 30 | ... BY56: =+'Cell 9 603'!U14 -> 37.333333
B57: Cell 10 | C57: 2 Month | D57: 29 | E57: 26 | F57: =+E57-D57 -> -3 | G57: =G51 -> Output/Day | H57: 72 | I57: 126 | J57: 150 | L57: 107 | M57: 270 | N57: 180 | O57: 246 | P57: 342 | Q57: 402 | R57: 420 | AE57: 541 | AF57: 600 | AG57: 504 | AH57: 722 | AI57: 504 | AJ57: 540 | AK57: 612 | AL57: 703 | AM57: 774 | AN57: 800 | AO57: =+'Cell 10 603'!AI13 -> 804 | AP57: =+'Cell 10 603'!AJ13 -> 674 | AQ57: =+'Cell 10 603'!AK13 -> 702 | AR57: =+'Cell 10 603'!AL13 -> 702 | AS57: =+'Cell 10 603'!AM13 -> 660 | AT57: =+'Cell 10 603'!AN13 -> 660 | AU57: =+'Cell 10 603'!AO13 -> 600 | AV57: =+'Cell 10 603'!AP13 -> 504 | ... BY57: =+'Cell 10 603'!BS13 -> 960
G58: Output/H | H58: =H57/9 -> 8 | I58: =I57/9 -> 14 | J58: =J57/9 -> 16.666667 | K58: =K57/9 -> 0 | L58: =+L57/9 -> 11.888889 | M58: =+M57/9 -> 30 | N58: =N57/9 -> 20 | O58: =O57/9 -> 27.333333 | P58: =P57/9 -> 38 | Q58: =Q57/9 -> 44.666667 | R58: =SUM(R57:R57)/8 -> 52.5 | S58: =S57/8 -> 0 | T58: =T57/8 -> 0 | U58: =U57/8 -> 0 | V58: =V57/8 -> 0 | W58: =W57/8 -> 0 | X58: =SUM(X57:X57)/8 -> 0 | Y58: =SUM(Y57:Y57)/8 -> 0 | Z58: =SUM(Z57:Z57)/8 -> 0 | AA58: =SUM(AA57:AA57)/8 -> 0 | AB58: =SUM(AB57:AB57)/8 -> 0 | AC58: =SUM(AC57:AC57)/8 -> 0 | AD58: =AD57/9 -> 0 | AE58: =AE57/9 -> 60.111111 | AF58: =AF57/9 -> 66.666667 | AG58: =AG57/9 -> 56 | AH58: =AH57/9 -> 80.222222 | AI58: =+AI57/9 -> 56 | AJ58: =+AJ57/9 -> 60 | AK58: =AK57/9 -> 68 | AL58: =AL57/9 -> 78.111111 | AM58: =AM57/9 -> 86 | AN58: =AN57/9 -> 88.888889 | AO58: =+'Cell 10 603'!AI14 -> 80.4 | AP58: =+'Cell 10 603'!AJ14 -> 67.4 | AQ58: =+'Cell 10 603'!AK14 -> 70.2 | AR58: =+'Cell 10 603'!AL14 -> 70.2 | AS58: =+'Cell 10 603'!AM14 -> 66 | AT58: =+'Cell 10 603'!AN14 -> 66 | AU58: =+'Cell 10 603'!AO14 -> 60 | AV58: =+'Cell 10 603'!AP14 -> 50.4 | ... BY58: =+'Cell 10 603'!BS14 -> 80
B59: Cell 11 | C59: 1 Month | D59: 29 | E59: 30 | F59: =+E59-D59 -> 1 | G59: =G57 -> Output/Day | H59: 126 | I59: 150 | J59: 144 | L59: 222 | M59: 246 | N59: 216 | O59: 246 | P59: 246 | Q59: 288 | R59: 342 | AE59: 528 | AF59: 566 | AG59: 467 | AH59: 442 | AI59: 449 | AJ59: 583 | AK59: 692 | AL59: 714 | AM59: 774 | AN59: 798 | AO59: 0 | AP59: =+'Cell 11 603'!F13 -> 54 | AQ59: =+'Cell 11 603'!G13 -> 234 | AR59: =+'Cell 11 603'!H13 -> 540 | AS59: =+'Cell 11 603'!I13 -> 300 | AT59: =+'Cell 11 603'!J13 -> 432 | AU59: =+'Cell 11 603'!K13 -> 366 | AV59: =+'Cell 11 603'!L13 -> 420 | AW59: =+'Cell 11 603'!M13 -> 540 | ... BY59: =+'Cell 11 603'!AO13 -> 1100
G60: Output/H | H60: =H59/9 -> 14 | I60: =I59/9 -> 16.666667 | J60: =J59/10 -> 14.4 | K60: =K59/9 -> 0 | L60: =+L59/9 -> 24.666667 | M60: =+M59/9 -> 27.333333 | N60: =N59/10 -> 21.6 | O60: =O59/10 -> 24.6 | P60: =P59/10 -> 24.6 | Q60: =Q59/10 -> 28.8 | R60: =SUM(R59:R59)/8 -> 42.75 | S60: =S59/8 -> 0 | T60: =T59/8 -> 0 | U60: =U59/8 -> 0 | V60: =V59/8 -> 0 | W60: =W59/8 -> 0 | X60: =SUM(X59:X59)/8 -> 0 | Y60: =SUM(Y59:Y59)/8 -> 0 | Z60: =SUM(Z59:Z59)/8 -> 0 | AA60: =SUM(AA59:AA59)/8 -> 0 | AB60: =SUM(AB59:AB59)/8 -> 0 | AC60: =SUM(AC59:AC59)/8 -> 0 | AD60: =AD59/9 -> 0 | AE60: =AE59/9 -> 58.666667 | AF60: =AF59/9 -> 62.888889 | AG60: =AG59/10 -> 46.7 | AH60: =AH59/9 -> 49.111111 | AI60: =+AI59/9 -> 49.888889 | AJ60: =+AJ59/9 -> 64.777778 | AK60: =AK59/9 -> 76.888889 | AL60: =AL59/9 -> 79.333333 | AM60: =AM59/9 -> 86 | AN60: =AN59/9 -> 88.666667 | AO60: 0 | AP60: =+'Cell 11 603'!F14 -> 6.75 | AQ60: =+'Cell 11 603'!G14 -> 29.25 | AR60: =+'Cell 11 603'!H14 -> 67.5 | AS60: =+'Cell 11 603'!I14 -> 37.5 | AT60: =+'Cell 11 603'!J14 -> 54 | AU60: =+'Cell 11 603'!K14 -> 45.75 | AV60: =+'Cell 11 603'!L14 -> 46.666667 | AW60: =+'Cell 11 603'!M14 -> 67.5 | ... BY60: =+'Cell 11 603'!AO14 -> 91.666667
B61: Cell D6 | C61: < 1 Month | D61: 29 | E61: 30 | F61: =+E61-D61 -> 1 | G61: =G55 -> Output/Day | H61: 72 | I61: 126 | J61: 150 | L61: 107 | M61: 270 | N61: 180 | O61: 246 | P61: 342 | Q61: 402 | R61: 420 | AE61: 541 | AF61: 600 | AG61: 504 | AH61: 722 | AI61: 504 | AJ61: 540 | AK61: 612 | AL61: 703 | AM61: 774 | AN61: 800 | AO61: =+'Cell 10 603'!AI64 -> 0 | AP61: =+'Cell 10 603'!AJ64 -> 0 | AQ61: =+'Cell 10 603'!AK64 -> 0 | AR61: =+'Cell 10 603'!AL64 -> 0 | AS61: =+'Cell 10 603'!AM64 -> 0 | AT61: =+'Cell 10 603'!AN64 -> 0 | AU61: =+'Cell 10 603'!AO64 -> 0 | AV61: =+'Cell 10 603'!AP64 -> 0 | ... BI61: =+'Cell 10 603'!BC64 -> 0 | BL61: =+'Cell D6'!R13 -> 102 | BM61: =+'Cell D6'!S13 -> 96 | BN61: =+'Cell D6'!T13 -> 144 | BO61: =+'Cell D6'!U13 -> 240 | BP61: =+'Cell D6'!V13 -> 240 | BQ61: =+'Cell D6'!W13 -> 204 | BR61: =+'Cell D6'!X13 -> 300 | BS61: =+'Cell D6'!Y13 -> 240 | ... BY61: =+'Cell D6'!AE13 -> 324
G62: Output/H | H62: =H61/9 -> 8 | I62: =I61/9 -> 14 | J62: =J61/9 -> 16.666667 | K62: =K61/9 -> 0 | L62: =+L61/9 -> 11.888889 | M62: =+M61/9 -> 30 | N62: =N61/9 -> 20 | O62: =O61/9 -> 27.333333 | P62: =P61/9 -> 38 | Q62: =Q61/9 -> 44.666667 | R62: =SUM(R61:R61)/8 -> 52.5 | S62: =S61/8 -> 0 | T62: =T61/8 -> 0 | U62: =U61/8 -> 0 | V62: =V61/8 -> 0 | W62: =W61/8 -> 0 | X62: =SUM(X61:X61)/8 -> 0 | Y62: =SUM(Y61:Y61)/8 -> 0 | Z62: =SUM(Z61:Z61)/8 -> 0 | AA62: =SUM(AA61:AA61)/8 -> 0 | AB62: =SUM(AB61:AB61)/8 -> 0 | AC62: =SUM(AC61:AC61)/8 -> 0 | AD62: =AD61/9 -> 0 | AE62: =AE61/9 -> 60.111111 | AF62: =AF61/9 -> 66.666667 | AG62: =AG61/9 -> 56 | AH62: =AH61/9 -> 80.222222 | AI62: =+AI61/9 -> 56 | AJ62: =+AJ61/9 -> 60 | AK62: =AK61/9 -> 68 | AL62: =AL61/9 -> 78.111111 | AM62: =AM61/9 -> 86 | AN62: =AN61/9 -> 88.888889 | AO62: =+'Cell 10 603'!AI65 -> 0 | AP62: =+'Cell 10 603'!AJ65 -> 0 | AQ62: =+'Cell 10 603'!AK65 -> 0 | AR62: =+'Cell 10 603'!AL65 -> 0 | AS62: =+'Cell 10 603'!AM65 -> 0 | AT62: =+'Cell 10 603'!AN65 -> 0 | AU62: =+'Cell 10 603'!AO65 -> 0 | AV62: =+'Cell 10 603'!AP65 -> 0 | ... BI62: =+'Cell 10 603'!BC65 -> 0 | BL62: =+'Cell D6'!R14 -> 11.333333 | BM62: =+'Cell D6'!S14 -> 10.666667 | BN62: =+'Cell D6'!T14 -> 16 | BO62: =+'Cell D6'!U14 -> 26.666667 | BP62: =+'Cell D6'!V14 -> 26.666667 | BQ62: =+'Cell D6'!W14 -> 22.666667 | BR62: =+'Cell D6'!X14 -> 33.333333 | BS62: =+'Cell D6'!Y14 -> 26.666667 | ... BY62: =+'Cell D6'!AE14 -> 27
B63: Buffer Zone | C63: 2 Month | D63: 29 | E63: 27 | F63: =+E63-D63 -> -2 | G63: =G57 -> Output/Day | H63: 72 | I63: 126 | J63: 150 | L63: 107 | M63: 270 | N63: 180 | O63: 246 | P63: 342 | Q63: 402 | R63: 420 | AE63: 541 | AF63: 600 | AG63: 504 | AH63: 722 | AI63: 504 | AJ63: 540 | AK63: 612 | AL63: 703 | AM63: 774 | AN63: 800 | AO63: =+'Buffer Zone'!U9 -> 372 | AP63: =+'Buffer Zone'!V9 -> 402 | AQ63: =+'Buffer Zone'!W9 -> 318 | AR63: =+'Buffer Zone'!X9 -> 300 | AS63: =+'Buffer Zone'!Y9 -> 246 | AT63: =+'Buffer Zone'!Z9 -> 258 | AU63: =+'Buffer Zone'!AA9 -> 72 | AV63: =+'Buffer Zone'!AB9 -> 66 | ... BP63: =+'Buffer Zone'!AV9 -> 306 | BQ63: =-BQ63 -> 0 | BR63: =+'Buffer Zone'!AW9 -> 162 | BS63: =+'Buffer Zone'!AX9 -> 168 | BT63: =+'Buffer Zone'!AY9 -> 312 | BU63: =+'Buffer Zone'!AZ9 -> 186 | BV63: =+'Buffer Zone'!BA9 -> 306 | BW63: =+'Buffer Zone'!BB9 -> 0 | BX63: =+'Buffer Zone'!BC9 -> 288 | BY63: =+'Buffer Zone'!BD9 -> 450
G64: Output/H | H64: =H63/9 -> 8 | I64: =I63/9 -> 14 | J64: =J63/9 -> 16.666667 | K64: =K63/9 -> 0 | L64: =+L63/9 -> 11.888889 | M64: =+M63/9 -> 30 | N64: =N63/9 -> 20 | O64: =O63/9 -> 27.333333 | P64: =P63/9 -> 38 | Q64: =Q63/9 -> 44.666667 | R64: =SUM(R63:R63)/8 -> 52.5 | S64: =S63/8 -> 0 | T64: =T63/8 -> 0 | U64: =U63/8 -> 0 | V64: =V63/8 -> 0 | W64: =W63/8 -> 0 | X64: =SUM(X63:X63)/8 -> 0 | Y64: =SUM(Y63:Y63)/8 -> 0 | Z64: =SUM(Z63:Z63)/8 -> 0 | AA64: =SUM(AA63:AA63)/8 -> 0 | AB64: =SUM(AB63:AB63)/8 -> 0 | AC64: =SUM(AC63:AC63)/8 -> 0 | AD64: =AD63/9 -> 0 | AE64: =AE63/9 -> 60.111111 | AF64: =AF63/9 -> 66.666667 | AG64: =AG63/9 -> 56 | AH64: =AH63/9 -> 80.222222 | AI64: =+AI63/9 -> 56 | AJ64: =+AJ63/9 -> 60 | AK64: =AK63/9 -> 68 | AL64: =AL63/9 -> 78.111111 | AM64: =AM63/9 -> 86 | AN64: =AN63/9 -> 88.888889 | AO64: =+'Buffer Zone'!U10 -> 46.5 | AP64: =+'Buffer Zone'!V10 -> 50.25 | AQ64: =+'Buffer Zone'!W10 -> 39.75 | AR64: =+'Buffer Zone'!X10 -> 37.5 | AS64: =+'Buffer Zone'!Y10 -> 30.75 | AT64: =+'Buffer Zone'!Z10 -> 32.25 | AU64: =+'Buffer Zone'!AA10 -> 9 | AV64: =+'Buffer Zone'!AB10 -> 8.25 | ... BP64: =+'Buffer Zone'!AV10 -> 38.25 | BQ64: =-BQ64 -> 0 | BR64: =+'Buffer Zone'!AW10 -> 20.25 | BS64: =+'Buffer Zone'!AX10 -> 21 | BT64: =+'Buffer Zone'!AY10 -> 39 | BU64: =+'Buffer Zone'!AZ10 -> 20.666667 | BV64: =+'Buffer Zone'!BA10 -> 38.25 | BW64: =+'Buffer Zone'!BB10 -> 0 | BX64: =+'Buffer Zone'!BC10 -> 36 | BY64: =+'Buffer Zone'!BD10 -> 56.25
B65: TARGET RAMP UP | H65: 12 | I65: 12 | J65: 12 | K65: 12 | L65: 12 | M65: 24 | N65: 24 | O65: 24 | P65: 24 | Q65: 24 | R65: 48 | S65: 48 | T65: 48 | U65: 48 | V65: 48 | W65: 60 | X65: 60 | Y65: 60 | Z65: 60 | AA65: 60 | AB65: 72 | AC65: 72 | AD65: 72 | AE65: 72 | AF65: 72 | AG65: 96 | AH65: 96 | AI65: 96 | AJ65: 96 | AK65: 96 | AL65: 108 | AM65: 108 | AN65: 108 | AO65: 120 | AP65: 120 | AQ65: 120 | AR65: 120 | AS65: 120 | AT65: 120 | AU65: 120 | AV65: 120 | AW65: 120 | AX65: 120 | AY65: 120 | AZ65: 120 | BA65: 120 | BB65: 120 | BC65: 120 | BD65: 120 | BE65: 120 | BF65: 120 | BG65: 120 | BH65: 120 | BI65: 120 | BJ65: 120 | BK65: 120 | BL65: 120 | BM65: 120 | BN65: 120 | BO65: 120 | BP65: 120 | BQ65: 120 | BR65: 120 | BS65: 120 | BT65: 120 | BU65: 120 | BV65: 120 | BW65: 120 | BX65: 120 | BY65: 120 | BZ65: 120 | CA65: 120 | CB65: 120 | CC65: 120 | CD65: 120 | CE65: 120 | CF65: 120 | CG65: 120 | CH65: 120 | CI65: 120 | CJ65: 120 | CK65: 120 | CL65: 108 | CM65: 108 | CN65: 120 | CO65: 120 | CP65: 120 | CQ65: 120 | CR65: 120 | CS65: 120 | CT65: 120 | CU65: 120 | CV65: 120 | CW65: 120 | CX65: 120 | CY65: 120 | CZ65: 120 | DA65: 120 | DB65: 120 | DC65: 120 | DD65: 120 | DE65: 120 | DF65: 120 | DG65: 120 | DH65: 120 | DI65: 120 | DJ65: 120 | DK65: 120 | DL65: 120 | DM65: 120 | DN65: 120 | DO65: 120 | DP65: 120 | DQ65: 120 | DR65: 120 | DS65: 120 | DT65: 120 | DU65: 120 | DV65: 120 | DW65: 120 | DX65: 120 | DY65: 120 | DZ65: 120 | EA65: 120 | EB65: 120 | EC65: 120
B68: ASSEMBLY
B71: CELL | C71: Working Period | D71: STD MP | E71: ACT MP | F71: Gap | G71: Output | H71: Hari ke- | AO71: Day
H72: 1 | I72: 2 | J72: 3 | K72: 4 | L72: 5 | M72: =1+L72 -> 6 | N72: =1+M72 -> 7 | O72: =1+N72 -> 8 | P72: =1+O72 -> 9 | Q72: =1+P72 -> 10 | R72: =1+Q72 -> 11 | S72: =1+R72 -> 12 | T72: =1+S72 -> 13 | ... DE72: =1+DD72 -> 102 | DF72: =1+BF72 -> 52 | DG72: =1+DF72 -> 53 | DH72: =1+DG72 -> 54 | DI72: =1+DH72 -> 55 | DJ72: =1+DI72 -> 56 | DK72: =1+DJ72 -> 57 | DL72: =1+DK72 -> 58 | DM72: =1+DL72 -> 59 | DN72: =1+DM72 -> 60 | ... EC72: =1+EB72 -> 75
H73: 46013 | I73: 46014 | J73: 46015 | K73: 46017 | L73: 46020 | M73: 46021 | N73: 46022 | O73: 46024 | P73: 46027 | Q73: 46028 | R73: 46029 | S73: 46030 | T73: 46031 | U73: 46034 | V73: 46035 | W73: 46036 | X73: 46037 | Y73: 46039 | Z73: 46041 | AA73: 46042 | AB73: 46043 | AC73: 46044 | AD73: 46045 | AE73: 46048 | AF73: 46049 | AG73: 46050 | AH73: 46051 | AI73: 46052 | AJ73: 46055 | AK73: 46056 | AL73: 46057 | AM73: 46058 | AN73: 46059 | AO73: 46083 | AP73: 46084 | AQ73: 46085 | AR73: 46086 | AS73: 46087 | AT73: 46090 | AU73: 46091 | AV73: 46092 | AW73: 46093 | AX73: 46094 | AY73: 46097 | AZ73: 46098 | BA73: 46099 | BB73: 46106 | BC73: 46107 | BD73: 46108 | BE73: 46109 | BF73: 46111 | BG73: 45747 | BH73: 46113 | BI73: 46114 | BJ73: 46115 | BK73: 46116 | BL73: 46118 | BM73: 46119 | BN73: 46120 | BO73: 46121 | BP73: 46122 | BQ73: 46123 | BR73: 46125 | BS73: 46126 | BT73: 46127 | BU73: 46128 | BV73: 46129 | BW73: 46130 | BX73: 46132 | BY73: 46133 | BZ73: 46134 | CA73: 46135 | CB73: 46136 | CC73: 46137 | CD73: 46138 | CE73: 46139 | CF73: 46140 | CG73: 46141 | CH73: 46142 | CI73: 46143 | CJ73: 46144 | CK73: 46145 | CL73: 46145 | CM73: 45779 | CN73: 45780 | CO73: 45781 | CP73: 45782 | CQ73: 45783 | CR73: 45784 | CS73: 45785 | CT73: 45786 | CU73: 45787 | CV73: 45788 | CW73: 45789 | CX73: 45790 | CY73: 45791 | CZ73: 45792 | DA73: 45793 | DB73: 45794 | DC73: 45795 | DD73: 45796 | DE73: 45797 | DF73: 45798 | DG73: 45799 | DH73: 45800 | DI73: 45801 | DJ73: 45802 | DK73: 45803 | DL73: 45804 | DM73: 45805 | DN73: 45806 | DO73: 45807 | DP73: 45808 | DQ73: 45809 | DR73: 45810 | DS73: 45811 | DT73: 45812 | DU73: 45813 | DV73: 45814 | DW73: 45815 | DX73: 45816 | DY73: 45817 | DZ73: 45818 | EA73: 45819 | EB73: 45820 | EC73: 45821
B74: Cell 4 | C74: 3 Month | D74: 37 | E74: 36 | F74: =+E74-D74 -> -1 | G74: Output/Day | H74: 468 | I74: 522 | J74: 300 | L74: 276 | M74: 540 | N74: 444 | O74: 462 | P74: 600 | Q74: 582 | R74: 429 | AE74: 600 | AF74: 600 | AG74: 612 | AH74: 672 | AI74: 348 | AJ74: 468 | AK74: 552 | AL74: 316 | AM74: 503 | AN74: 690 | AO74: =+'Cell 4 603'!BB15 -> 1155 | AP74: =+'Cell 4 603'!BC15 -> 610 | AQ74: =+'Cell 4 603'!BD15 -> 52 | AR74: =+'Cell 4 603'!BE15 -> 0 | AS74: =+'Cell 4 603'!BF15 -> 0 | AT74: =+'Cell 4 603'!BG15 -> 0 | AU74: =+'Cell 4 603'!BH15 -> 970 | AV74: =+'Cell 4 603'!BI15 -> 994 | ... BY74: =+'Cell 4 603'!CL15 -> 935
G75: Output/H | H75: =H74/8 -> 58.5 | I75: =I74/8 -> 65.25 | J75: =J74/10 -> 30 | K75: =K74/8 -> 0 | L75: =+L74/8 -> 34.5 | M75: =+M74/8 -> 67.5 | N75: =N74/10 -> 44.4 | O75: =O74/10 -> 46.2 | P75: =P74/10 -> 60 | Q75: =Q74/10 -> 58.2 | R75: =SUM(R74:R74)/8 -> 53.625 | S75: =S74/8 -> 0 | T75: =T74/8 -> 0 | U75: =U74/8 -> 0 | V75: =V74/8 -> 0 | W75: =W74/8 -> 0 | X75: =SUM(X74:X74)/8 -> 0 | Y75: =SUM(Y74:Y74)/8 -> 0 | Z75: =SUM(Z74:Z74)/8 -> 0 | AA75: =SUM(AA74:AA74)/8 -> 0 | AB75: =SUM(AB74:AB74)/8 -> 0 | AC75: =SUM(AC74:AC74)/8 -> 0 | AD75: =AD74/8 -> 0 | AE75: =AE74/8 -> 75 | AF75: =AF74/8 -> 75 | AG75: =AG74/10 -> 61.2 | AH75: =AH74/8 -> 84 | AI75: =+AI74/8 -> 43.5 | AJ75: =+AJ74/8 -> 58.5 | AK75: =AK74/9 -> 61.333333 | AL75: =AL74/8 -> 39.5 | AM75: =AM74/8 -> 62.875 | AN75: =SUM(AN74:AN74)/8 -> 86.25 | AO75: =+'Cell 4 603'!BB16 -> 128.33333 | AP75: =+'Cell 4 603'!BC16 -> 61 | AQ75: =+'Cell 4 603'!BD16 -> 5.7777778 | AR75: =+'Cell 4 603'!BE16 -> 0 | AS75: =+'Cell 4 603'!BF16 -> 0 | AT75: =+'Cell 4 603'!BG16 -> 0 | AU75: =+'Cell 4 603'!BH16 -> 107.77778 | AV75: =+'Cell 4 603'!BI16 -> 110.44444 | ... BY75: =+'Cell 4 603'!CL16 -> 77.916667
B76: Cell 5 | C76: 3 Month | D76: 37 | E76: 37 | F76: =+E76-D76 -> 0 | G76: =G74 -> Output/Day | H76: 126 | I76: 150 | J76: 144 | L76: 222 | M76: 246 | N76: 216 | O76: 246 | P76: 246 | Q76: 288 | R76: 342 | AE76: 528 | AF76: 566 | AG76: 467 | AH76: 442 | AI76: 449 | AJ76: 583 | AK76: 692 | AL76: 714 | AM76: 774 | AN76: 798 | AO76: =+'Cell 5 603'!AS15 -> 1080 | AP76: =+'Cell 5 603'!AT15 -> 1065 | AQ76: =+'Cell 5 603'!AU15 -> 755 | AR76: =+'Cell 5 603'!AV15 -> 811 | AS76: =+'Cell 5 603'!AW15 -> 905 | AT76: =+'Cell 5 603'!AX15 -> 830 | AU76: =+'Cell 5 603'!AY15 -> 1021 | AV76: =+'Cell 5 603'!AZ15 -> 940 | ... BY76: =+'Cell 5 603'!CC15 -> 976
G77: Output/H | H77: =H76/9 -> 14 | I77: =I76/9 -> 16.666667 | J77: =J76/10 -> 14.4 | K77: =K76/9 -> 0 | L77: =+L76/9 -> 24.666667 | M77: =+M76/9 -> 27.333333 | N77: =N76/10 -> 21.6 | O77: =O76/10 -> 24.6 | P77: =P76/10 -> 24.6 | Q77: =Q76/10 -> 28.8 | R77: =SUM(R76:R76)/8 -> 42.75 | S77: =S76/8 -> 0 | T77: =T76/8 -> 0 | U77: =U76/8 -> 0 | V77: =V76/8 -> 0 | W77: =W76/8 -> 0 | X77: =SUM(X76:X76)/8 -> 0 | Y77: =SUM(Y76:Y76)/8 -> 0 | Z77: =SUM(Z76:Z76)/8 -> 0 | AA77: =SUM(AA76:AA76)/8 -> 0 | AB77: =SUM(AB76:AB76)/8 -> 0 | AC77: =SUM(AC76:AC76)/8 -> 0 | AD77: =AD76/9 -> 0 | AE77: =AE76/9 -> 58.666667 | AF77: =AF76/9 -> 62.888889 | AG77: =AG76/10 -> 46.7 | AH77: =AH76/9 -> 49.111111 | AI77: =+AI76/9 -> 49.888889 | AJ77: =+AJ76/9 -> 64.777778 | AK77: =AK76/9 -> 76.888889 | AL77: =AL76/9 -> 79.333333 | AM77: =AM76/9 -> 86 | AN77: =AN76/9 -> 88.666667 | AO77: =+'Cell 5 603'!AS16 -> 120 | AP77: =+'Cell 5 603'!AT16 -> 106.5 | AQ77: =+'Cell 5 603'!AU16 -> 83.888889 | AR77: =+'Cell 5 603'!AV16 -> 90.111111 | AS77: =+'Cell 5 603'!AW16 -> 100.55556 | AT77: =+'Cell 5 603'!AX16 -> 92.222222 | AU77: =+'Cell 5 603'!AY16 -> 113.44444 | AV77: =+'Cell 5 603'!AZ16 -> 104.44444 | ... BY77: =+'Cell 5 603'!CC16 -> 88.727273
B78: Cell 9 | C78: < 1 Month | D78: 37 | E78: 37 | F78: =+E78-D78 -> 0 | G78: Output/Day | H78: 468 | I78: 522 | J78: 300 | L78: 276 | M78: 540 | N78: 444 | O78: 462 | P78: 600 | Q78: 582 | R78: 429 | AE78: 600 | AF78: 600 | AG78: 612 | AH78: 672 | AI78: 348 | AJ78: 468 | AK78: 552 | AL78: 316 | AM78: 503 | AN78: 690 | AO78: =+'Cell 4 603'!BB19 -> 0 | AP78: =+'Cell 4 603'!BC19 -> 0 | AQ78: =+'Cell 4 603'!BD19 -> 0 | AR78: =+'Cell 4 603'!BE19 -> 0 | AS78: =+'Cell 4 603'!BF19 -> 0 | AT78: =+'Cell 4 603'!BG19 -> 0 | AU78: =+'Cell 4 603'!BH19 -> 0 | AV78: =+'Cell 4 603'!BI19 -> 0 | ... BO78: =+'Cell 4 603'!CB19 -> 0 | BX78: =+'Cell 9 603'!T15 -> 119 | BY78: =+'Cell 9 603'!U15 -> 534
G79: Output/H | H79: =H78/8 -> 58.5 | I79: =I78/8 -> 65.25 | J79: =J78/10 -> 30 | K79: =K78/8 -> 0 | L79: =+L78/8 -> 34.5 | M79: =+M78/8 -> 67.5 | N79: =N78/10 -> 44.4 | O79: =O78/10 -> 46.2 | P79: =P78/10 -> 60 | Q79: =Q78/10 -> 58.2 | R79: =SUM(R78:R78)/8 -> 53.625 | S79: =S78/8 -> 0 | T79: =T78/8 -> 0 | U79: =U78/8 -> 0 | V79: =V78/8 -> 0 | W79: =W78/8 -> 0 | X79: =SUM(X78:X78)/8 -> 0 | Y79: =SUM(Y78:Y78)/8 -> 0 | Z79: =SUM(Z78:Z78)/8 -> 0 | AA79: =SUM(AA78:AA78)/8 -> 0 | AB79: =SUM(AB78:AB78)/8 -> 0 | AC79: =SUM(AC78:AC78)/8 -> 0 | AD79: =AD78/8 -> 0 | AE79: =AE78/8 -> 75 | AF79: =AF78/8 -> 75 | AG79: =AG78/10 -> 61.2 | AH79: =AH78/8 -> 84 | AI79: =+AI78/8 -> 43.5 | AJ79: =+AJ78/8 -> 58.5 | AK79: =AK78/9 -> 61.333333 | AL79: =AL78/8 -> 39.5 | AM79: =AM78/8 -> 62.875 | AN79: =SUM(AN78:AN78)/8 -> 86.25 | AO79: =+'Cell 4 603'!BB20 -> 0 | AP79: =+'Cell 4 603'!BC20 -> 0 | AQ79: =+'Cell 4 603'!BD20 -> 0 | AR79: =+'Cell 4 603'!BE20 -> 0 | AS79: =+'Cell 4 603'!BF20 -> 0 | AT79: =+'Cell 4 603'!BG20 -> 0 | AU79: =+'Cell 4 603'!BH20 -> 0 | AV79: =+'Cell 4 603'!BI20 -> 0 | ... BO79: =+'Cell 4 603'!CB20 -> 0 | BX79: =+'Cell 9 603'!T16 -> 14.875 | BY79: =+'Cell 9 603'!U16 -> 66.75
B80: Cell 10 | C80: 2 Month | D80: 37 | E80: 36 | F80: =+E80-D80 -> -1 | G80: =G74 -> Output/Day | H80: 72 | I80: 126 | J80: 150 | L80: 107 | M80: 270 | N80: 180 | O80: 246 | P80: 342 | Q80: 402 | R80: 420 | AE80: 541 | AF80: 600 | AG80: 504 | AH80: 722 | AI80: 504 | AJ80: 540 | AK80: 612 | AL80: 703 | AM80: 774 | AN80: 800 | AO80: =+'Cell 10 603'!AI15 -> 1060 | AP80: =+'Cell 10 603'!AJ15 -> 1050 | AQ80: =+'Cell 10 603'!AK15 -> 1025 | AR80: =+'Cell 10 603'!AL15 -> 1080 | AS80: =+'Cell 10 603'!AM15 -> 1050 | AT80: =+'Cell 10 603'!AN15 -> 840 | AU80: =+'Cell 10 603'!AO15 -> 870 | AV80: =+'Cell 10 603'!AP15 -> 830 | ... BY80: =+'Cell 10 603'!BS15 -> 1160
G81: Output/H | H81: =H80/9 -> 8 | I81: =I80/9 -> 14 | J81: =J80/9 -> 16.666667 | K81: =K80/9 -> 0 | L81: =+L80/9 -> 11.888889 | M81: =+M80/9 -> 30 | N81: =N80/9 -> 20 | O81: =O80/9 -> 27.333333 | P81: =P80/9 -> 38 | Q81: =Q80/9 -> 44.666667 | R81: =SUM(R80:R80)/8 -> 52.5 | S81: =S80/8 -> 0 | T81: =T80/8 -> 0 | U81: =U80/8 -> 0 | V81: =V80/8 -> 0 | W81: =W80/8 -> 0 | X81: =SUM(X80:X80)/8 -> 0 | Y81: =SUM(Y80:Y80)/8 -> 0 | Z81: =SUM(Z80:Z80)/8 -> 0 | AA81: =SUM(AA80:AA80)/8 -> 0 | AB81: =SUM(AB80:AB80)/8 -> 0 | AC81: =SUM(AC80:AC80)/8 -> 0 | AD81: =AD80/9 -> 0 | AE81: =AE80/9 -> 60.111111 | AF81: =AF80/9 -> 66.666667 | AG81: =AG80/9 -> 56 | AH81: =AH80/9 -> 80.222222 | AI81: =+AI80/9 -> 56 | AJ81: =+AJ80/9 -> 60 | AK81: =AK80/9 -> 68 | AL81: =AL80/9 -> 78.111111 | AM81: =AM80/9 -> 86 | AN81: =AN80/9 -> 88.888889 | AO81: =+'Cell 10 603'!AI16 -> 117.77778 | AP81: =+'Cell 10 603'!AJ16 -> 116.66667 | AQ81: =+'Cell 10 603'!AK16 -> 113.88889 | AR81: =+'Cell 10 603'!AL16 -> 120 | AS81: =+'Cell 10 603'!AM16 -> 105 | AT81: =+'Cell 10 603'!AN16 -> 84 | AU81: =+'Cell 10 603'!AO16 -> 96.666667 | AV81: =+'Cell 10 603'!AP16 -> 92.222222 | ... BY81: =+'Cell 10 603'!BS16 -> 105.45455
B82: Cell 11 | C82: 1 Month | D82: 37 | E82: 35 | F82: =+E82-D82 -> -2 | G82: =G80 -> Output/Day | H82: 126 | I82: 150 | J82: 144 | L82: 222 | M82: 246 | N82: 216 | O82: 246 | P82: 246 | Q82: 288 | R82: 342 | AE82: 528 | AF82: 566 | AG82: 467 | AH82: 442 | AI82: 449 | AJ82: 583 | AK82: 692 | AL82: 714 | AM82: 774 | AN82: 798 | AO82: =+'Cell 5 603'!AS19 -> 0 | AP82: =+'Cell 5 603'!AT19 -> 0 | AQ82: =+'Cell 5 603'!AU19 -> 0 | AR82: =+'Cell 5 603'!AV19 -> 0 | AS82: =+'Cell 5 603'!AW19 -> 0 | AT82: =+'Cell 5 603'!AX19 -> 0 | AU82: =+'Cell 5 603'!AY19 -> 0 | AV82: =+'Cell 5 603'!AZ19 -> 0 | ... BE82: =+'Cell 5 603'!BI19 -> 0 | BG82: =+'Cell 11 603'!W15 -> 1084 | BH82: =+'Cell 11 603'!X15 -> 965 | BI82: =+'Cell 11 603'!Y15 -> 924 | BJ82: =+'Cell 11 603'!Z15 -> 511 | BK82: =+'Cell 11 603'!AA15 -> 511 | BL82: =+'Cell 11 603'!AB15 -> 718 | BM82: =+'Cell 11 603'!AC15 -> 1389 | BN82: =+'Cell 11 603'!AD15 -> 1077 | ... BY82: =+'Cell 11 603'!AO15 -> 1110
G83: Output/H | H83: =H82/9 -> 14 | I83: =I82/9 -> 16.666667 | J83: =J82/10 -> 14.4 | K83: =K82/9 -> 0 | L83: =+L82/9 -> 24.666667 | M83: =+M82/9 -> 27.333333 | N83: =N82/10 -> 21.6 | O83: =O82/10 -> 24.6 | P83: =P82/10 -> 24.6 | Q83: =Q82/10 -> 28.8 | R83: =SUM(R82:R82)/8 -> 42.75 | S83: =S82/8 -> 0 | T83: =T82/8 -> 0 | U83: =U82/8 -> 0 | V83: =V82/8 -> 0 | W83: =W82/8 -> 0 | X83: =SUM(X82:X82)/8 -> 0 | Y83: =SUM(Y82:Y82)/8 -> 0 | Z83: =SUM(Z82:Z82)/8 -> 0 | AA83: =SUM(AA82:AA82)/8 -> 0 | AB83: =SUM(AB82:AB82)/8 -> 0 | AC83: =SUM(AC82:AC82)/8 -> 0 | AD83: =AD82/9 -> 0 | AE83: =AE82/9 -> 58.666667 | AF83: =AF82/9 -> 62.888889 | AG83: =AG82/10 -> 46.7 | AH83: =AH82/9 -> 49.111111 | AI83: =+AI82/9 -> 49.888889 | AJ83: =+AJ82/9 -> 64.777778 | AK83: =AK82/9 -> 76.888889 | AL83: =AL82/9 -> 79.333333 | AM83: =AM82/9 -> 86 | AN83: =AN82/9 -> 88.666667 | AO83: =+'Cell 5 603'!AS20 -> 0 | AP83: =+'Cell 5 603'!AT20 -> 0 | AQ83: =+'Cell 5 603'!AU20 -> 0 | AR83: =+'Cell 5 603'!AV20 -> 0 | AS83: =+'Cell 5 603'!AW20 -> 0 | AT83: =+'Cell 5 603'!AX20 -> 0 | AU83: =+'Cell 5 603'!AY20 -> 0 | AV83: =+'Cell 5 603'!AZ20 -> 0 | ... BE83: =+'Cell 5 603'!BI20 -> 0 | BG83: =+'Cell 11 603'!W16 -> 108.4 | BH83: =+'Cell 11 603'!X16 -> 96.5 | BI83: =+'Cell 11 603'!Y16 -> 92.4 | BJ83: =+'Cell 11 603'!Z16 -> 51.1 | BK83: =+'Cell 11 603'!AA16 -> 51.1 | BL83: =+'Cell 11 603'!AB16 -> 71.8 | BM83: =+'Cell 11 603'!AC16 -> 138.9 | BN83: =+'Cell 11 603'!AD16 -> 97.909091 | ... BY83: =+'Cell 11 603'!AO16 -> 111
B84: TARGET RAMP UP | H84: 12 | I84: 12 | J84: 12 | K84: 12 | L84: 12 | M84: 24 | N84: 24 | O84: 24 | P84: 24 | Q84: 24 | R84: 48 | S84: 48 | T84: 48 | U84: 48 | V84: 48 | W84: 60 | X84: 60 | Y84: 60 | Z84: 60 | AA84: 60 | AB84: 72 | AC84: 72 | AD84: 72 | AE84: 72 | AF84: 72 | AG84: 96 | AH84: 96 | AI84: 96 | AJ84: 96 | AK84: 96 | AL84: 108 | AM84: 108 | AN84: 108 | AO84: 120 | AP84: 120 | AQ84: 120 | AR84: 120 | AS84: 120 | AT84: 120 | AU84: 120 | AV84: 120 | AW84: 120 | AX84: 120 | AY84: 120 | AZ84: 120 | BA84: 120 | BB84: 120 | BC84: 120 | BD84: 120 | BE84: 120 | BF84: 120 | BG84: 120 | BH84: 120 | BI84: 120 | BJ84: 120 | BK84: 120 | BL84: 120 | BM84: 120 | BN84: 120 | BO84: 120 | BP84: 120 | BQ84: 120 | BR84: 120 | BS84: 120 | BT84: 120 | BU84: 120 | BV84: 120 | BW84: 120 | BX84: 120 | BY84: 120 | BZ84: 120 | CA84: 120 | CB84: 120 | CC84: 120 | CD84: 120 | CE84: 120 | CF84: 120 | CG84: 120 | CH84: 120 | CI84: 120 | CJ84: 120 | CK84: 120 | CL84: 108 | CM84: 108 | CN84: 120 | CO84: 120 | CP84: 120 | CQ84: 120 | CR84: 120 | CS84: 120 | CT84: 120 | CU84: 120 | CV84: 120 | CW84: 120 | CX84: 120 | CY84: 120 | CZ84: 120 | DA84: 120 | DB84: 120 | DC84: 120 | DD84: 120 | DE84: 120 | DF84: 120 | DG84: 120 | DH84: 120 | DI84: 120 | DJ84: 120 | DK84: 120 | DL84: 120 | DM84: 120 | DN84: 120 | DO84: 120 | DP84: 120 | DQ84: 120 | DR84: 120 | DS84: 120 | DT84: 120 | DU84: 120 | DV84: 120 | DW84: 120 | DX84: 120 | DY84: 120 | DZ84: 120 | EA84: 120 | EB84: 120 | EC84: 120

Sheet Computer Stitching PerHour
A2: , | B2: `
B4: Tanggal | C4: Cell | D4: PIC | E4: Process | F4: No. COS | H4: Type Mesin | I4: CT | J4: STD MP | K4: ACT MP | L4: Target | M4: Jam ke 1 | N4: Jam ke 2 | O4: Jam ke 3 | P4: Jam ke 4 | Q4: Jam ke 5 | R4: Jam ke 6 | S4: Jam ke 7 | T4: Jam ke 8 | U4: Total
B5: 46129 | C5: 3 | D5: PRASETYO | E5: Middle Eyestay | H5: CS 3020 | J5: 2 | K5: 2 | L5: 120 | U5: =SUM(M5:T5) -> 0
E6: Total | L6: =SUM(L5) -> 120 | M6: =SUM(M5) -> 0 | N6: =SUM(N5) -> 0 | O6: =SUM(O5) -> 0 | P6: =SUM(P5) -> 0 | Q6: =SUM(Q5) -> 0 | R6: =SUM(R5) -> 0 | S6: =SUM(S5) -> 0 | ... U6: =SUM(U5) -> 0
E7: Vamp Olay + Tip Accent | H7: CS 6040 | J7: 6 | K7: 4 | L7: 40 | U7: =SUM(M7:T7) -> 0
E8: Vamp Olay + Tip Accent | H8: CS 6040 | L8: 40 | U8: =SUM(M8:T8) -> 0
E9: Vamp Olay + Tip Accent | H9: CS 6040 | L9: 40 | U9: =SUM(M9:T9) -> 0
E10: Total | L10: =SUM(L7:L9) -> 120 | M10: =SUM(M7:M9) -> 0 | N10: =SUM(N7:N9) -> 0 | O10: =SUM(O7:O9) -> 0 | P10: =SUM(P7:P9) -> 0 | Q10: =SUM(Q7:Q9) -> 0 | R10: =SUM(R7:R9) -> 0 | S10: =SUM(S7:S9) -> 0 | ... U10: =SUM(U7:U9) -> 0
E11: Foxing Ulay + Collar L&M | H11: CS 6040 | J11: 6 | K11: 5 | L11: 40 | U11: =SUM(M11:T11) -> 0
E12: Foxing Ulay + Collar L&M | H12: CS 6040 | L12: 40 | U12: =SUM(M12:T12) -> 0
E13: Foxing Ulay + Collar L&M | H13: CS 6040 | L13: 40 | U13: =SUM(M13:T13) -> 0
E14: Total | L14: =SUM(L11:L13) -> 120 | M14: =SUM(M11:M13) -> 0 | N14: =SUM(N11:N13) -> 0 | O14: =SUM(O11:O13) -> 0 | P14: =SUM(P11:P13) -> 0 | Q14: =SUM(Q11:Q13) -> 0 | R14: =SUM(R11:R13) -> 0 | S14: =SUM(S11:S13) -> 0 | ... U14: =SUM(U11:U13) -> 0
E15: Mudguard LM + Tip Ulay + Top Eyestay | H15: CS 6040 | J15: 8 | K15: 8 | L15: 30 | U15: =SUM(M15:T15) -> 0
E16: Mudguard LM + Tip Ulay + Top Eyestay | H16: CS 6040 | L16: 30 | U16: =SUM(M16:T16) -> 0
E17: Mudguard LM + Tip Ulay + Top Eyestay | H17: CS 6040 | L17: 30 | U17: =SUM(M17:T17) -> 0
E18: Mudguard LM + Tip Ulay + Top Eyestay | H18: CS 6040 | L18: 30 | U18: =SUM(M18:T18) -> 0
E19: Total | L19: =SUM(L15:L18) -> 120 | M19: =SUM(M15:M18) -> 0 | N19: =SUM(N15:N18) -> 0 | O19: =SUM(O15:O18) -> 0 | P19: =SUM(P15:P18) -> 0 | Q19: =SUM(Q15:Q18) -> 0 | R19: =SUM(R15:R18) -> 0 | S19: =SUM(S15:S18) -> 0 | ... U19: =SUM(U15:U18) -> 0
E20: Project Support Mudguard Manual | J20: 8 | K20: 0
E23: ACTION PLAN
E24: CELL 3 | F24: 07:00-08:00
F25: 08:00-09:00
F26: 09:00-10:00
F27: 10:00-11:00
F28: 11:00-12:00
F29: 13:00-14:00
F30: 14:00-15:00
E31: PIC : PRASETYO | F31: 15:00-16:00
B35: Tanggal | C35: Cell | D35: PIC | E35: Process | F35: Operator | G35: Work Period | H35: Type Mesin | I35: CT | J35: STD MP | K35: ACT MP | L35: Target | M35: Jam ke 1 | N35: Jam ke 2 | O35: Jam ke 3 | P35: Jam ke 4 | Q35: Jam ke 5 | R35: Jam ke 6 | S35: Jam ke 7 | T35: Jam ke 8 | U35: Total
B36: 46129 | C36: 4 | D36: PRASETYO | E36: Middle Eyestay | F36: 1 (Sofi) | G36: 4 Month | H36: CS 1510 | I36: 79.1 | J36: 2 | K36: 2 | L36: 60 | M36: 42 | N36: 42 | O36: 30 | P36: 48 | Q36: 24 | R36: 6 | S36: 30 | T36: 12 | U36: =SUM(M36:T36) -> 234
E37: Middle Eyestay | F37: 2 (Nina) | G37: 4 Month | H37: CS 1510 | L37: 60 | M37: 24 | N37: 24 | O37: 30 | P37: 30 | Q37: 18 | R37: 6 | S37: 24 | T37: 12 | U37: =SUM(M37:T37) -> 168
E38: Total | L38: =SUM(L36:L37) -> 120 | M38: =SUM(M36:M37) -> 66 | N38: =SUM(N36:N37) -> 66 | O38: =SUM(O36:O37) -> 60 | P38: =SUM(P36:P37) -> 78 | Q38: =SUM(Q36:Q37) -> 42 | R38: =SUM(R36:R37) -> 12 | S38: =SUM(S36:S37) -> 54 | ... U38: =SUM(U36:U37) -> 402
E39: Vamp Olay + Tip Accent | F39: 1 (Laura) | G39: 4 Month | H39: CS 6040 | I39: 140.3 | J39: 6 | K39: 5 | L39: 40 | M39: 36 | N39: 18 | O39: 18 | P39: 24 | Q39: 24 | R39: 24 | S39: 25 | T39: 13 | U39: =SUM(M39:T39) -> 182
E40: Vamp Olay + Tip Accent | F40: 2 (Titik) | G40: 4 Month | H40: CS 6040 | L40: 40 | M40: 36 | N40: 24 | O40: 30 | P40: 36 | Q40: 30 | R40: 12 | S40: 24 | T40: 6 | U40: =SUM(M40:T40) -> 198
E41: Vamp Olay + Tip Accent | F41: 3 (Anis) | G41: 4 Month | H41: CS 6040 | L41: 40 | M41: 6 | N41: 6 | O41: - | P41: 6 | Q41: 6 | R41: 12 | S41: 6 | T41: 6 | U41: =SUM(M41:T41) -> 48
E42: Total | L42: =SUM(L39:L41) -> 120 | M42: =SUM(M39:M41) -> 78 | N42: =SUM(N39:N41) -> 48 | O42: =SUM(O39:O41) -> 48 | P42: =SUM(P39:P41) -> 66 | Q42: =SUM(Q39:Q41) -> 60 | R42: =SUM(R39:R41) -> 48 | S42: =SUM(S39:S41) -> 55 | ... U42: =SUM(U39:U41) -> 428
E43: Foxing Ulay + Collar L&M | F43: 1 (Ichda) | G43: 16 Month | H43: CS 6040 | I43: 142.1 | J43: 6 | K43: 5 | L43: 40 | M43: 12 | N43: 6 | O43: 30 | P43: 30 | Q43: 30 | R43: 30 | S43: 18 | T43: 6 | U43: =SUM(M43:T43) -> 162
E44: Foxing Ulay + Collar L&M | F44: 2 (Sunarni) | G44: 4 Month | H44: CS 6040 | L44: 40 | M44: 30 | N44: 30 | O44: 24 | P44: 18 | Q44: 30 | R44: 30 | S44: 30 | T44: 25 | U44: =SUM(M44:T44) -> 217
E45: Foxing Ulay + Collar L&M | F45: 3 (Usni) | G45: 4 Month | H45: CS 6040 | L45: 40 | M45: 30 | N45: 30 | O45: 30 | P45: 18 | Q45: 18 | R45: 18 | S45: 12 | T45: 18 | U45: =SUM(M45:T45) -> 174
E46: Total | L46: =SUM(L43:L45) -> 120 | M46: =SUM(M43:M45) -> 72 | N46: =SUM(N43:N45) -> 66 | O46: =SUM(O43:O45) -> 84 | P46: =SUM(P43:P45) -> 66 | Q46: =SUM(Q43:Q45) -> 78 | R46: =SUM(R43:R45) -> 78 | S46: =SUM(S43:S45) -> 60 | ... U46: =SUM(U43:U45) -> 553
E47: Mudguard LM + Tip Ulay + Top Eyestay | F47: 1 (Nia) | G47: 16 Month | H47: CS 6040 | I47: 178.2 | J47: 8 | K47: 8 | L47: 30 | M47: 18 | N47: 18 | O47: 18 | P47: 12 | Q47: 12 | R47: 22 | S47: 12 | T47: 13 | U47: =SUM(M47:T47) -> 125
E48: Mudguard LM + Tip Ulay + Top Eyestay | F48: 2 (Nia*) | G48: 3 Month | H48: CS 6040 | L48: 30 | M48: 12 | N48: 6 | O48: 18 | P48: 12 | Q48: 6 | R48: 12 | S48: 6 | T48: 12 | U48: =SUM(M48:T48) -> 84
E49: Mudguard LM + Tip Ulay + Top Eyestay | F49: 3 (Putri) | G49: 36 Month | H49: CS 6040 | L49: 30 | M49: 24 | N49: 24 | O49: 18 | P49: 30 | Q49: 18 | R49: 24 | S49: 24 | T49: 24 | U49: =SUM(M49:T49) -> 186
E50: Mudguard LM + Tip Ulay + Top Eyestay | F50: 4 (Viona) | G50: 36 Month | H50: CS 6040 | L50: 30 | M50: 24 | N50: 12 | O50: 18 | P50: 18 | Q50: 12 | R50: 24 | S50: 24 | T50: 18 | U50: =SUM(M50:T50) -> 150
E51: Total | L51: =SUM(L47:L50) -> 120 | M51: =SUM(M47:M50) -> 78 | N51: =SUM(N47:N50) -> 60 | O51: =SUM(O47:O50) -> 72 | P51: =SUM(P47:P50) -> 72 | Q51: =SUM(Q47:Q50) -> 48 | R51: =SUM(R47:R50) -> 82 | S51: =SUM(S47:S50) -> 66 | ... U51: =SUM(U47:U50) -> 545
E52: Project Support Mudguard Manual | J52: 8 | K52: 0
E55: ACTION PLAN
E56: CELL 4 | F56: 07:00-08:00
F57: 08:00-09:00
F58: 09:00-10:00
F59: 10:00-11:00 | U59: =4*12-2 -> 46
F60: 11:00-12:00
F61: 13:00-14:00
F62: 14:00-15:00
E63: PIC : PRASETYO | F63: 15:00-16:00
B67: Tanggal | C67: Cell | D67: PIC | E67: Process | F67: Operator | G67: Work Period | H67: Type Mesin | I67: CT | J67: STD MP | K67: ACT MP | L67: Target | M67: Jam ke 1 | N67: Jam ke 2 | O67: Jam ke 3 | P67: Jam ke 4 | Q67: Jam ke 5 | R67: Jam ke 6 | S67: Jam ke 7 | T67: Jam ke 8 | U67: Total
B68: 46129 | C68: 5 | D68: PRASETYO | E68: Middle Eyestay | F68: 1 (Anik) | G68: 14 Month | H68: CS 1510 | I68: 85.3 | J68: 2 | K68: 2 | L68: 60 | M68: 12 | N68: 30 | O68: 18 | P68: 24 | Q68: 12 | R68: 24 | S68: 30 | T68: 36 | U68: =SUM(M68:T68) -> 186
E69: Middle Eyestay | F69: 2 (Manda) | G69: 3 Month | H69: CS 1510 | L69: 60 | M69: 30 | N69: 24 | O69: 30 | P69: 24 | Q69: 12 | R69: - | S69: - | T69: - | U69: =SUM(M69:T69) -> 120
E70: Total | L70: =SUM(L68:L69) -> 120 | M70: 42 | N70: 54 | O70: 48 | P70: 48 | Q70: 24 | R70: 24 | S70: 30 | T70: 36 | U70: =SUM(U68:U69) -> 306
E71: Vamp Olay + Tip Accent | F71: 1 (Rahma) | G71: 14 Month | H71: CS 6040 | I71: 114.3 | J71: 6 | K71: 6 | L71: 40 | M71: 18 | N71: 24 | O71: 24 | P71: 24 | Q71: 24 | R71: 24 | S71: 6 | T71: 12 | U71: =SUM(M71:T71) -> 156
E72: Vamp Olay + Tip Accent | F72: 2 (Tiara) | G72: 3 Month | H72: CS 6040 | L72: 40 | M72: 12 | N72: 18 | O72: - | P72: - | Q72: - | R72: 12 | S72: 18 | T72: 18 | U72: =SUM(M72:T72) -> 78
E73: Vamp Olay + Tip Accent | F73: 3 (Dina) | G73: 4 Month | H73: CS 6040 | L73: 40 | M73: 18 | N73: 18 | O73: 24 | P73: 18 | Q73: 18 | R73: 18 | S73: 18 | T73: 12 | U73: =SUM(M73:T73) -> 144
E74: Total | L74: =SUM(L71:L73) -> 120 | M74: 48 | N74: 60 | O74: 48 | P74: 42 | Q74: 42 | R74: 54 | S74: 42 | T74: 42 | U74: =SUM(U71:U73) -> 378
E75: Foxing Ulay + Collar L&M | F75: 1 (Can) | G75: 26 Month | H75: CS 6040 | I75: 143.8 | J75: 6 | K75: 6 | L75: 40 | M75: 12 | N75: 12 | O75: 12 | P75: 12 | Q75: 12 | R75: 12 | S75: 12 | T75: 12 | U75: =SUM(M75:T75) -> 96
E76: Foxing Ulay + Collar L&M | F76: 2 (Dinda) | G76: 3 Month | H76: CS 6040 | L76: 40 | M76: 12 | N76: 6 | O76: 12 | P76: 12 | Q76: 12 | R76: 12 | S76: 12 | T76: 12 | U76: =SUM(M76:T76) -> 90
E77: Foxing Ulay + Collar L&M | F77: 3 (Sintang) | G77: 44 Month | H77: CS 6040 | L77: 40 | M77: 18 | N77: 18 | O77: 18 | P77: 18 | Q77: 18 | R77: 12 | S77: 12 | T77: 12 | U77: =SUM(M77:T77) -> 126
E78: Total | L78: =SUM(L75:L77) -> 120 | M78: 42 | N78: 36 | O78: 42 | P78: 42 | Q78: 42 | R78: 36 | S78: 36 | T78: 36 | U78: =SUM(U75:U77) -> 312
E79: Mudguard LM + Tip Ulay + Top Eyestay | F79: 1 (Putri) | G79: 46 Month | H79: CS 6040 | I79: 178.6 | J79: 8 | K79: 8 | L79: 30 | M79: 12 | N79: 12 | O79: 12 | P79: 12 | Q79: 12 | R79: 12 | S79: 12 | T79: 12 | U79: =SUM(M79:T79) -> 96
E80: Mudguard LM + Tip Ulay + Top Eyestay | F80: 2 (Ima) | G80: 8 Month | H80: CS 6040 | L80: 30 | M80: 16 | N80: 18 | O80: 12 | P80: 12 | Q80: 12 | R80: 12 | S80: 12 | T80: 12 | U80: =SUM(M80:T80) -> 106
E81: Mudguard LM + Tip Ulay + Top Eyestay | F81: 3 (Pungki) | G81: 24 Month | H81: CS 6040 | L81: 30 | M81: 18 | N81: 12 | O81: 12 | P81: 12 | Q81: 12 | R81: 12 | S81: 12 | T81: 6 | U81: =SUM(M81:T81) -> 96
E82: Mudguard LM + Tip Ulay + Top Eyestay | F82: 4 (Nay) | G82: 46 Month | H82: CS 6040 | L82: 30 | M82: 12 | N82: 12 | O82: 12 | P82: 12 | Q82: 12 | R82: 12 | S82: 12 | T82: 18 | U82: =SUM(M82:T82) -> 102
E83: Total | L83: =SUM(L79:L82) -> 120 | M83: 58 | N83: 54 | O83: 48 | P83: 48 | Q83: 48 | R83: 48 | S83: 48 | T83: 48 | U83: =SUM(M83:T83) -> 400
E84: Project Support Mudguard Manual | J84: 8 | K84: 0
E87: ACTION PLAN
E88: CELL 5 | F88: 07:00-08:00
F89: 08:00-09:00
F90: 09:00-10:00
F91: 10:00-11:00
F92: 11:00-12:00
F93: 13:00-14:00
F94: 14:00-15:00
E95: PIC: PRASETYO | F95: 15:00-16:00
B99: Tanggal | C99: Cell | D99: PIC | E99: Process | F99: No. COS | H99: Type Mesin | I99: CT | J99: STD MP | K99: ACT MP | L99: Target | M99: Jam ke 1 | N99: Jam ke 2 | O99: Jam ke 3 | P99: Jam ke 4 | Q99: Jam ke 5 | R99: Jam ke 6 | S99: Jam ke 7 | T99: Jam ke 8 | U99: Total
B100: 46129 | C100: 9 | D100: PRASETYO | E100: Middle Eyestay | F100: 1 (Yanti) | H100: CS 3020 | J100: 2 | K100: 2 | L100: 120 | M100: 36 | N100: 36 | O100: 36 | P100: 36 | Q100: 24 | R100: 18 | S100: 36 | T100: 30 | U100: =SUM(M100:T100) -> 252
E101: Total | L101: =SUM(L100) -> 120 | M101: 36 | N101: 36 | O101: 36 | P101: 36 | Q101: 24 | R101: 18 | S101: 36 | T101: 30 | U101: =SUM(U100) -> 252
E102: Vamp Olay + Tip Accent | F102: 1 (Hesti) | H102: CS 6040 | J102: 6 | K102: 6 | L102: 40 | M102: 12 | N102: 12 | O102: - | P102: 12 | Q102: 12 | R102: 12 | S102: 12 | T102: 12 | U102: =SUM(M102:T102) -> 84
E103: Vamp Olay + Tip Accent | F103: 2 (Sulum) | H103: CS 6040 | L103: 40 | M103: 12 | N103: 18 | O103: 18 | P103: 12 | Q103: 12 | R103: 18 | S103: 12 | T103: 6 | U103: =SUM(M103:T103) -> 108
E104: Vamp Olay + Tip Accent | F104: 3 (Tania) | H104: CS 6040 | L104: 40 | M104: 12 | N104: 12 | O104: 12 | P104: 6 | Q104: 6 | R104: 12 | S104: 6 | T104: - | U104: =SUM(M104:T104) -> 66
E105: Total | L105: =SUM(L102:L104) -> 120 | M105: 36 | N105: 42 | O105: 30 | P105: 30 | Q105: 30 | R105: 42 | S105: 30 | T105: 18 | U105: =SUM(U102:U104) -> 258
E106: Foxing Ulay + Collar L&M | F106: 1 (Ema) | H106: CS 6040 | J106: 6 | K106: 6 | L106: 40 | M106: 12 | N106: 12 | O106: 12 | P106: - | Q106: 12 | R106: 6 | S106: 12 | T106: 6 | U106: =SUM(M106:T106) -> 72
E107: Foxing Ulay + Collar L&M | F107: 2 (Rahma) | H107: CS 6040 | L107: 40 | M107: 12 | N107: 12 | O107: 12 | P107: 12 | Q107: 12 | R107: 12 | S107: 12 | T107: 12 | U107: =SUM(M107:T107) -> 96
E108: Foxing Ulay + Collar L&M | F108: 3 (Tasy) | H108: CS 6040 | L108: 40 | M108: 6 | N108: - | O108: 12 | P108: 12 | Q108: - | R108: - | S108: 18 | T108: 12 | U108: =SUM(M108:T108) -> 60
E109: Total | L109: =SUM(L106:L108) -> 120 | M109: 30 | N109: 24 | O109: 36 | P109: 24 | Q109: 24 | R109: 18 | S109: 42 | T109: 30 | U109: =SUM(U106:U108) -> 228
E110: Mudguard LM + Tip Ulay + Top Eyestay | F110: 1 (Dini) | H110: CS 6040 | J110: 8 | K110: 8 | L110: 30 | M110: 12 | N110: 12 | O110: 12 | P110: 12 | Q110: 12 | R110: 12 | S110: 12 | T110: 18 | U110: =SUM(M110:T110) -> 102
E111: Mudguard LM + Tip Ulay + Top Eyestay | F111: 2 (Fatima) | H111: CS 6040 | L111: 30 | M111: 12 | N111: 12 | O111: 12 | P111: 6 | Q111: 12 | R111: 12 | S111: 6 | T111: 10 | U111: =SUM(M111:T111) -> 82
E112: Mudguard LM + Tip Ulay + Top Eyestay | F112: 3 (Wulan) | H112: CS 6040 | L112: 30 | M112: 12 | N112: 12 | O112: 6 | P112: - | Q112: 6 | R112: 6 | S112: 6 | T112: 6 | U112: =SUM(M112:T112) -> 54
E113: Mudguard LM + Tip Ulay + Top Eyestay | F113: 4 (Wanda) | H113: CS 6040 | L113: 30 | M113: 12 | N113: 12 | O113: 6 | P113: - | Q113: 6 | R113: 6 | S113: 12 | T113: 6 | U113: =SUM(M113:T113) -> 60
E114: Total | L114: =SUM(L110:L113) -> 120 | M114: 48 | N114: 48 | O114: 36 | P114: 18 | Q114: 36 | R114: 36 | S114: 36 | T114: 40 | U114: =+SUM(U110:U113) -> 298
E115: Project Support Mudguard Manual | J115: 8 | K115: 0
E118: ACTION PLAN
E119: CELL 9 | F119: 07:00-08:00
...

Sheet Cell 3 603
B4: Model 603 | D4: CELL 3 | Q4: Target: 120 Prs | AK4: Target : 120 Prs/H | BX4: Cell 4
B6: Description | C6: Output | D6: Day
D7: 1 | E7: 2 | F7: 3 | G7: 4 | H7: 5 | I7: =1+H7 -> 6 | J7: =1+I7 -> 7 | K7: =1+J7 -> 8 | L7: =1+K7 -> 9 | M7: =1+L7 -> 10 | N7: =1+M7 -> 11 | O7: =1+N7 -> 12 | P7: =1+O7 -> 13 | ... BY7: =1+BX7 -> 74
D8: 46115 | E8: 46116 | F8: 46118 | G8: 46119 | H8: 46120 | I8: 46121 | J8: 46122 | K8: 46123 | L8: 46125 | M8: 46126 | N8: 46127 | O8: 46128 | P8: 46129 | Q8: 46130 | R8: 46132 | S8: 46133 | T8: 46134 | U8: 46135 | V8: 46136 | W8: 46137 | X8: 46138 | Y8: 46139 | Z8: 46140 | AA8: 46141 | AB8: 46142 | AC8: 46143 | AD8: 46144 | AE8: 46145 | AF8: 46146 | AG8: 46147 | AH8: 46148 | AI8: 46149 | AJ8: 46150 | AK8: 46151 | AL8: 46152 | AM8: 46153 | AN8: 46154 | AO8: 46155 | AP8: 46156 | AQ8: 46157 | AR8: 46158 | AS8: 46159 | AT8: 46160 | AU8: 46161 | AV8: 46162 | AW8: 46163 | AX8: 46164 | AY8: 46165 | AZ8: 46166 | BA8: 46167 | BB8: 46168 | BC8: 46169 | BD8: 46170 | BE8: 46171 | BF8: 46172 | BG8: 46173 | BH8: 46174 | BI8: 46175 | BJ8: 46176 | BK8: 46177 | BL8: 46178 | BM8: 46179 | BN8: 46180 | BO8: 46181 | BP8: 46182 | BQ8: 46183 | BR8: 46184 | BS8: 46185 | BT8: 46186 | BU8: 46187 | BV8: 46188 | BW8: 46189 | BX8: 46190 | BY8: 46191
B9: Cutting+Prep | C9: Output/Day | D9: 642 | E9: 0 | F9: 282 | G9: 0 | H9: 546 | I9: 0 | J9: 120 | K9: 0 | L9: 1410 | M9: 810 | N9: 858 | O9: 648 | P9: 450 | Q9: 180 | R9: 300 | S9: 500
C10: Output/H | D10: =D9/8 -> 80.25 | E10: =E9/8 -> 0 | F10: =F9/10 -> 28.2 | G10: =G9/8 -> 0 | H10: =+H9/8 -> 68.25 | I10: =+I9/8 -> 0 | J10: =J9/10 -> 12 | K10: =K9/10 -> 0 | L10: =L9/8 -> 176.25 | M10: =M9/8 -> 101.25 | N10: =+N9/8 -> 107.25 | O10: =O9/8 -> 81 | P10: =P9/8 -> 56.25 | Q10: =Q9/8 -> 22.5 | R10: =R9/8 -> 37.5 | S10: =S9/8 -> 62.5 | T10: =SUM(T9:T9)/8 -> 0 | U10: =SUM(U9:U9)/8 -> 0 | V10: =SUM(V9:V9)/8 -> 0 | W10: =SUM(W9:W9)/8 -> 0 | X10: =SUM(X9:X9)/8 -> 0 | Y10: =SUM(Y9:Y9)/8 -> 0 | Z10: =Z9/8 -> 0 | AA10: =AA9/8 -> 0 | AB10: =AB9/8 -> 0 | AC10: =AC9/10 -> 0 | AD10: =AD9/8 -> 0 | AE10: =+AE9/8 -> 0 | AF10: =+AF9/8 -> 0 | AG10: =AG9/9 -> 0 | AH10: =AH9/8 -> 0 | AI10: =AI9/8 -> 0 | AJ10: =SUM(AJ9:AJ9)/8 -> 0 | AK10: =AK9/8 -> 0 | AL10: =AL9/8 -> 0 | AM10: =AM9/8 -> 0 | AN10: =AN9/8 -> 0 | AO10: =AO9/8 -> 0 | AP10: =AP9/9 -> 0 | AQ10: =AQ9/5 -> 0 | AR10: =AR9/9 -> 0 | AS10: =AS9/10 -> 0 | AT10: =AT9/8 -> 0 | AU10: =AU9/7 -> 0 | AV10: =AV9/9 -> 0 | AW10: =AW9/9 -> 0 | AX10: =AX9/9 -> 0 | AY10: =AY9/9 -> 0 | AZ10: =AZ9/8 -> 0 | BA10: =BA9/5 -> 0 | BB10: =BB9/8 -> 0 | BC10: =BC9/8 -> 0 | BD10: =BD9/8 -> 0 | BE10: =BE9/8 -> 0 | BF10: =BF9/8 -> 0 | BG10: =BG9/8 -> 0 | BH10: =BH9/8 -> 0 | BI10: =BI9/8 -> 0 | ... BM10: =BM9/8 -> 0 | BN10: =BN9/9 -> 0 | BO10: =BO9/9 -> 0 | BP10: =BP9/9 -> 0 | BQ10: =BQ9/9 -> 0 | BR10: =BR9/7 -> 0 | BS10: =BS9/10 -> 0 | BT10: =BT9/10 -> 0 | BU10: =BU9/9 -> 0 | BV10: =BV9/9 -> 0 | BW10: =BW9/9 -> 0 | BX10: =BX9/9 -> 0 | BY10: =BY9/9 -> 0
B11: Comshare | C11: =C9 -> Output/Day | N11: 84 | O11: 96 | P11: 162 | R11: 384 | S11: 336
C12: Output/H | D12: =D11/9 -> 0 | E12: =E11/9 -> 0 | F12: =F11/10 -> 0 | G12: =G11/9 -> 0 | H12: =+H11/9 -> 0 | I12: =+I11/9 -> 0 | J12: =J11/10 -> 0 | K12: =K11/10 -> 0 | L12: =L11/10 -> 0 | M12: =M11/10 -> 0 | N12: =+N11/8 -> 10.5 | O12: =O11/8 -> 12 | P12: =P11/8 -> 20.25 | Q12: =Q11/8 -> 0 | R12: =R11/8 -> 48 | S12: =S11/8 -> 42 | T12: =SUM(T11:T11)/8 -> 0 | U12: =SUM(U11:U11)/8 -> 0 | V12: =SUM(V11:V11)/8 -> 0 | W12: =SUM(W11:W11)/8 -> 0 | X12: =SUM(X11:X11)/8 -> 0 | Y12: =SUM(Y11:Y11)/8 -> 0 | Z12: =Z11/9 -> 0 | AA12: =AA11/9 -> 0 | AB12: =AB11/9 -> 0 | AC12: =AC11/10 -> 0 | AD12: =AD11/9 -> 0 | AE12: =+AE11/9 -> 0 | AF12: =+AF11/9 -> 0 | AG12: =AG11/9 -> 0 | AH12: =AH11/9 -> 0 | AI12: =AI11/9 -> 0 | AJ12: =AJ11/9 -> 0 | AK12: =AK11/9 -> 0 | AL12: =AL11/10 -> 0 | AM12: =AM11/9 -> 0 | AN12: =AN11/10 -> 0 | AO12: =AO11/9 -> 0 | AP12: =AP11/9 -> 0 | AQ12: =AQ11/7 -> 0 | AR12: =AR11/10 -> 0 | AS12: =AS11/10 -> 0 | AT12: =AT11/9 -> 0 | AU12: =AU11/7 -> 0 | AV12: =AV11/10 -> 0 | AW12: =AW11/10 -> 0 | AX12: =AX11/10 -> 0 | AY12: =AY11/10 -> 0 | AZ12: =AZ11/10 -> 0 | BA12: =BA11/7 -> 0 | BB12: =BB11/10 -> 0 | BC12: =BC11/10 -> 0 | BD12: =BD11/10 -> 0 | BE12: =BE11/10 -> 0 | BF12: =BF11/10 -> 0 | BG12: =BG11/10 -> 0 | BH12: =BH11/10 -> 0 | BI12: =BI11/10 -> 0 | BJ12: =+BJ11/10 -> 0 | BK12: =+BK11/10 -> 0 | BL12: =+BL11/10 -> 0 | BM12: =+BM11/10 -> 0 | BN12: =+BN11/10 -> 0 | BO12: =+BO11/10 -> 0 | BP12: =+BP11/10 -> 0 | BQ12: =+BQ11/10 -> 0 | BR12: =+BR11/10 -> 0 | BS12: =+BS11/11 -> 0 | BT12: =+BT11/11 -> 0 | BU12: =+BU11/10 -> 0 | BV12: =+BV11/10 -> 0 | BW12: =+BW11/10 -> 0 | BX12: =+BX11/10 -> 0 | BY12: =+BY11/10 -> 0
B13: Sewing | C13: =C9 -> Output/Day | N13: 168 | O13: 222 | P13: 300 | R13: 348 | S13: 420
C14: Output/H | D14: =D13/9 -> 0 | E14: =E13/9 -> 0 | F14: =F13/9 -> 0 | G14: =G13/9 -> 0 | H14: =+H13/9 -> 0 | I14: =+I13/9 -> 0 | J14: =J13/9 -> 0 | K14: =K13/9 -> 0 | L14: =L13/9 -> 0 | M14: =M13/9 -> 0 | N14: =+N13/8 -> 21 | O14: =O13/8 -> 27.75 | P14: =P13/8 -> 37.5 | Q14: =Q13/8 -> 0 | R14: =R13/8 -> 43.5 | S14: =S13/8 -> 52.5 | T14: =SUM(T13:T13)/8 -> 0 | U14: =SUM(U13:U13)/8 -> 0 | V14: =SUM(V13:V13)/8 -> 0 | W14: =SUM(W13:W13)/8 -> 0 | X14: =SUM(X13:X13)/8 -> 0 | Y14: =SUM(Y13:Y13)/8 -> 0 | Z14: =Z13/9 -> 0 | AA14: =AA13/9 -> 0 | AB14: =AB13/9 -> 0 | AC14: =AC13/9 -> 0 | AD14: =AD13/9 -> 0 | AE14: =+AE13/9 -> 0 | AF14: =+AF13/9 -> 0 | AG14: =AG13/9 -> 0 | AH14: =AH13/9 -> 0 | AI14: =AI13/9 -> 0 | AJ14: =AJ13/9 -> 0 | AK14: =AK13/9 -> 0 | AL14: =AL13/10 -> 0 | AM14: =AM13/9 -> 0 | AN14: =AN13/10 -> 0 | AO14: =AO13/9 -> 0 | AP14: =AP13/9 -> 0 | AQ14: =AQ13/7 -> 0 | AR14: =AR13/10 -> 0 | AS14: =AS13/10 -> 0 | AT14: =AT13/9 -> 0 | AU14: =AU13/7 -> 0 | AV14: =AV13/10 -> 0 | AW14: =AW13/10 -> 0 | AX14: =AX13/10 -> 0 | AY14: =AY13/10 -> 0 | AZ14: =AZ13/10 -> 0 | BA14: =BA13/7 -> 0 | BB14: =BB13/10 -> 0 | BC14: =BC13/10 -> 0 | BD14: =BD13/10 -> 0 | BE14: =BE13/10 -> 0 | BF14: =BF13/10 -> 0 | BG14: =BG13/10 -> 0 | BH14: =BH13/10 -> 0 | BI14: =BI13/10 -> 0 | ... BR14: =BR13/10 -> 0 | BS14: =BS13/11 -> 0 | BT14: =BT13/11 -> 0 | BU14: =BU13/10 -> 0 | BV14: =BV13/10 -> 0 | BW14: =BW13/10 -> 0 | BX14: =BX13/10 -> 0 | BY14: =BY13/10 -> 0
B15: Assembly | C15: =C9 -> Output/Day
C16: Output/H | D16: =D15/8 -> 0 | E16: =E15/8 -> 0 | F16: =F15/8 -> 0 | G16: =G15/8 -> 0 | H16: =H15/8 -> 0 | I16: =+I15/8 -> 0 | J16: =J15/8 -> 0 | K16: =K15/8 -> 0 | L16: =L15/8 -> 0 | M16: =M15/8 -> 0 | N16: =SUM(N15:N15)/8 -> 0 | O16: =SUM(O15:O15)/8 -> 0 | P16: =SUM(P15:P15)/8 -> 0 | Q16: =SUM(Q15:Q15)/8 -> 0 | R16: =SUM(R15:R15)/8 -> 0 | S16: =SUM(S15:S15)/8 -> 0 | T16: =SUM(T15:T15)/8 -> 0 | U16: =SUM(U15:U15)/8 -> 0 | ... Y16: =SUM(Y15:Y15)/8 -> 0 | Z16: =Z15/8 -> 0 | AA16: =AA15/8 -> 0 | AB16: =AB15/8 -> 0 | AC16: =AC15/8 -> 0 | AD16: =AD15/8 -> 0 | AE16: =AE15/8 -> 0 | AF16: =+AF15/8 -> 0 | AG16: =AG15/8 -> 0 | AH16: =AH15/8 -> 0 | AI16: =AI15/8 -> 0 | AJ16: =AJ15/8 -> 0 | AK16: =AK15/9 -> 0 | AL16: =AL15/9 -> 0 | AM16: =AM15/9 -> 0 | AN16: =AN15/9 -> 0 | AO16: =AO15/9 -> 0 | AP16: =AP15/9 -> 0 | AQ16: =AQ15/5 -> 0 | AR16: =AR15/9 -> 0 | AS16: =AS15/9 -> 0 | AT16: =AT15/9 -> 0 | AU16: =AU15/5 -> 0 | AV16: =AV15/9 -> 0 | AW16: =AW15/9 -> 0 | AX16: =AX15/9 -> 0 | AY16: =AY15/9 -> 0 | AZ16: =AZ15/9 -> 0 | BA16: =BA15/7 -> 0 | BB16: =BB15/9 -> 0 | BC16: =BC15/10 -> 0 | BD16: =BD15/9 -> 0 | BE16: =BE15/9 -> 0 | BF16: =BF15/9 -> 0 | BG16: =BG15/9 -> 0 | BH16: =BH15/9 -> 0 | BI16: =BI15/9 -> 0 | BJ16: =BJ15/9 -> 0 | BK16: =BK15/9 -> 0 | BL16: =BL15/8 -> 0 | BM16: =BM15/9 -> 0 | BN16: =BN15/9 -> 0 | BO16: =BO15/9 -> 0 | BP16: =BP15/9 -> 0 | BQ16: =BQ15/9 -> 0 | BR16: =BR15/7 -> 0 | BS16: =BS15/12 -> 0 | BT16: =BT15/11 -> 0 | BU16: =BU15/9 -> 0 | BV16: =BV15/9 -> 0 | BW16: =BW15/9 -> 0 | BX16: =BX15/9 -> 0 | BY16: =BY15/9 -> 0
B17: TARGET RUMP UP LEAN | D17: 12 | E17: 12 | F17: 12 | G17: 12 | H17: 12 | I17: 24 | J17: 24 | K17: 24 | L17: 24 | M17: 24 | N17: 48 | O17: 48 | P17: 48 | Q17: 48 | R17: 48 | S17: 60 | T17: 60 | U17: 60 | V17: 60 | W17: 60 | X17: 72 | Y17: 72 | Z17: 72 | AA17: 72 | AB17: 72 | AC17: 96 | AD17: 96 | AE17: 96 | AF17: 96 | AG17: 96 | AH17: 108 | AI17: 108 | AJ17: 108 | AK17: 108 | AL17: 108 | AM17: 120 | AN17: 120 | AO17: 120 | AP17: 120 | AQ17: 120 | AR17: 120 | AS17: 120 | AT17: 120 | AU17: 120 | AV17: 120 | AW17: 120 | AX17: 120 | AY17: 120 | AZ17: 120 | BA17: 120 | BB17: 120 | BC17: 120 | BD17: 120 | BE17: 120 | BF17: 120 | BG17: 120 | BH17: 120 | BI17: 120 | BJ17: 120 | BK17: 120 | BL17: 120 | BM17: 120 | BN17: 120 | BO17: 120 | BP17: 120 | BQ17: 120 | BR17: 120 | BS17: 120 | BT17: 120 | BU17: 120 | BV17: 120 | BW17: 120 | BX17: 120 | BY17: 120

Sheet Cell 4 603
B4: Model 603 | AK4: Target : 120 Prs/H | BT4: Cell 4 | DH4: Target : 120 Prs/H
B6: Description | C6: Output | D6: Hari ke- | AK6: Day
D7: 1 | E7: 2 | F7: 3 | G7: 4 | H7: 5 | I7: =1+H7 -> 6 | J7: =1+I7 -> 7 | K7: =1+J7 -> 8 | L7: =1+K7 -> 9 | M7: =1+L7 -> 10 | N7: =1+M7 -> 11 | O7: =1+N7 -> 12 | P7: =1+O7 -> 13 | ... DK7: =1+DJ7 -> 112
D8: 46013 | E8: 46014 | F8: 46015 | G8: 46017 | H8: 46020 | I8: 46021 | J8: 46022 | K8: 46024 | L8: 46027 | M8: 46028 | N8: 46029 | O8: 46030 | P8: 46031 | Q8: 46034 | R8: 46035 | S8: 46036 | T8: 46037 | U8: 46039 | V8: 46041 | W8: 46042 | X8: 46043 | Y8: 46044 | Z8: 46045 | AA8: 46048 | AB8: 46049 | AC8: 46050 | AD8: 46051 | AE8: 46052 | AF8: 46055 | AG8: 46056 | AH8: 46057 | AI8: 46058 | AJ8: 46059 | AK8: 46062 | AL8: 46063 | AM8: 46064 | AN8: 46065 | AO8: 46066 | AP8: 46069 | AQ8: 46070 | AR8: 46071 | AS8: 46072 | AT8: 46073 | AU8: 46074 | AV8: 46076 | AW8: 46077 | AX8: 46078 | AY8: 46079 | AZ8: 46080 | BA8: 46081 | BB8: 46083 | BC8: 46084 | BD8: 46085 | BE8: 46086 | BF8: 46087 | BG8: 46090 | BH8: 46091 | BI8: 46092 | BJ8: 46093 | BK8: 46094 | BL8: 46097 | BM8: 46098 | BN8: 46099 | BO8: 46106 | BP8: 46107 | BQ8: 46108 | BR8: 46109 | BS8: 46111 | BT8: 46112 | BU8: 46113 | BV8: 46114 | BW8: 46115 | BX8: 46116 | BY8: 46118 | BZ8: 46119 | CA8: 46120 | CB8: 46121 | CC8: 46122 | CD8: 46123 | CE8: 46125 | CF8: 46126 | CG8: 46127 | CH8: 46128 | CI8: 46129 | CJ8: 46130 | CK8: 46132 | CL8: 46133 | CM8: 46134 | CN8: 46135 | CO8: 46136 | CP8: 46137 | CQ8: 46138 | CR8: 46139 | CS8: 46140 | CT8: 46141 | CU8: 46142 | CV8: 46143 | CW8: 46144 | CX8: 46145 | CY8: 46146 | CZ8: 46147 | DA8: 46148 | DB8: 46149 | DC8: 46150 | DD8: 46151 | DE8: 46152 | DF8: 46153 | DG8: 46154 | DH8: 46155 | DI8: 46156 | DJ8: 46157 | DK8: 46158
B9: Cutting+Prep | C9: Output/Day | D9: 468 | E9: 522 | F9: 300 | H9: 276 | I9: 540 | J9: 444 | K9: 462 | L9: 600 | M9: 582 | N9: 429 | AA9: 600 | AB9: 600 | AC9: 612 | AD9: 672 | AE9: 348 | AF9: 468 | AG9: 552 | AH9: 316 | AI9: 503 | AJ9: 690 | AK9: 438 | AL9: 552 | AM9: 636 | AN9: 754 | AO9: 800 | AP9: 984 | AQ9: 552 | AR9: 1152 | AS9: 1470 | AT9: 858 | AU9: 948 | AV9: 1498 | AW9: 1148 | AX9: 1134 | AY9: 1098 | AZ9: 0 | BA9: 582 | BB9: 1278 | BC9: 732 | BD9: 660 | BE9: 600 | BF9: 0 | BG9: 0 | BH9: 708 | BI9: 600 | BJ9: 630 | BK9: 864 | BL9: 702 | BM9: 408 | BN9: 630 | BO9: 708 | BP9: 714 | BQ9: 840 | BR9: 1091 | BS9: 1113 | BT9: 894 | BU9: 924 | BV9: 816 | BW9: 1188 | BX9: 1224 | BY9: 1160 | BZ9: 1626 | CA9: 1162 | CB9: 960 | CC9: 720 | CD9: 708 | CE9: 1200 | CF9: 1056 | CG9: 1200 | CH9: 1272 | CI9: 510 | CJ9: 1926 | CK9: 1782 | CL9: 1068
C10: Output/H | D10: =D9/8 -> 58.5 | E10: =E9/8 -> 65.25 | F10: =F9/10 -> 30 | G10: =G9/8 -> 0 | H10: =+H9/8 -> 34.5 | I10: =+I9/8 -> 67.5 | J10: =J9/10 -> 44.4 | K10: =K9/10 -> 46.2 | L10: =L9/10 -> 60 | M10: =M9/10 -> 58.2 | N10: =SUM(N9:N9)/8 -> 53.625 | O10: =O9/8 -> 0 | P10: =P9/8 -> 0 | Q10: =Q9/8 -> 0 | R10: =R9/8 -> 0 | S10: =S9/8 -> 0 | T10: =SUM(T9:T9)/8 -> 0 | U10: =SUM(U9:U9)/8 -> 0 | V10: =SUM(V9:V9)/8 -> 0 | W10: =SUM(W9:W9)/8 -> 0 | X10: =SUM(X9:X9)/8 -> 0 | Y10: =SUM(Y9:Y9)/8 -> 0 | Z10: =Z9/8 -> 0 | AA10: =AA9/8 -> 75 | AB10: =AB9/8 -> 75 | AC10: =AC9/10 -> 61.2 | AD10: =AD9/8 -> 84 | AE10: =+AE9/8 -> 43.5 | AF10: =+AF9/8 -> 58.5 | AG10: =AG9/9 -> 61.333333 | AH10: =AH9/8 -> 39.5 | AI10: =AI9/8 -> 62.875 | AJ10: =SUM(AJ9:AJ9)/8 -> 86.25 | AK10: =AK9/8 -> 54.75 | AL10: =AL9/8 -> 69 | AM10: =AM9/8 -> 79.5 | AN10: =AN9/8 -> 94.25 | AO10: =AO9/8 -> 100 | AP10: =AP9/9 -> 109.33333 | AQ10: =AQ9/5 -> 110.4 | AR10: =AR9/9 -> 128 | AS10: =AS9/10 -> 147 | AT10: =AT9/8 -> 107.25 | AU10: =AU9/7 -> 135.42857 | AV10: =AV9/9 -> 166.44444 | AW10: =AW9/9 -> 127.55556 | AX10: =AX9/9 -> 126 | AY10: =AY9/9 -> 122 | AZ10: =AZ9/8 -> 0 | BA10: =BA9/5 -> 116.4 | BB10: =BB9/8 -> 159.75 | BC10: =BC9/8 -> 91.5 | BD10: =BD9/8 -> 82.5 | BE10: =BE9/8 -> 75 | BF10: =BF9/8 -> 0 | BG10: =BG9/8 -> 0 | BH10: =BH9/8 -> 88.5 | BI10: =BI9/8 -> 75 | ... BM10: =BM9/8 -> 51 | BN10: =BN9/9 -> 70 | BO10: =BO9/9 -> 78.666667 | BP10: =BP9/9 -> 79.333333 | BQ10: =BQ9/9 -> 93.333333 | BR10: =BR9/7 -> 155.85714 | BS10: =BS9/10 -> 111.3 | BT10: =BT9/10 -> 89.4 | BU10: =BU9/10 -> 92.4 | BV10: =BV9/10 -> 81.6 | BW10: =BW9/10 -> 118.8 | BX10: =BX9/10 -> 122.4 | BY10: =BY9/10 -> 116 | BZ10: =BZ9/12 -> 135.5 | CA10: =CA9/12 -> 96.833333 | CB10: =CB9/12 -> 80 | CC10: =CC9/12 -> 60 | CD10: =CD9/8 -> 88.5 | CE10: =CE9/11 -> 109.09091 | CF10: =CF9/11 -> 96 | CG10: =CG9/11 -> 109.09091 | CH10: =CH9/11 -> 115.63636 | CI10: =CI9/11 -> 46.363636 | CJ10: =CJ9/11 -> 175.09091 | CK10: =CK9/11 -> 162 | CL10: =CL9/12 -> 89 | CM10: =CM9/12 -> 0 | CN10: =CN9/12 -> 0 | CO10: =CO9/12 -> 0 | CP10: =CP9/12 -> 0 | CQ10: =CQ9/12 -> 0 | CR10: =CR9/12 -> 0 | CS10: =CS9/12 -> 0 | ... DJ10: =DJ9/12 -> 0 | DK10: =DK9/10 -> 0
B11: Comshare | C11: =C9 -> Output/Day | D11: 126 | E11: 150 | F11: 144 | H11: 222 | I11: 246 | J11: 216 | K11: 246 | L11: 246 | M11: 288 | N11: 342 | AA11: 528 | AB11: 566 | AC11: 467 | AD11: 442 | AE11: 449 | AF11: 583 | AG11: 692 | AH11: 714 | AI11: 774 | AJ11: 798 | AK11: 408 | AL11: 558 | AM11: 600 | AN11: 870 | AO11: 719 | AP11: 697 | AQ11: 623 | AR11: 767 | AS11: 676 | AT11: 702 | AU11: 420 | AV11: 490 | AW11: 642 | AX11: 621 | AY11: =789-55 -> 734 | AZ11: 733 | BA11: 384 | BB11: 510 | BC11: 612 | BD11: 580 | BE11: 568 | BF11: 568 | BG11: 480 | BH11: 516 | BI11: 600 | BJ11: 598 | BK11: 651 | BL11: 606 | BM11: 639 | BN11: 504 | BO11: 582 | BP11: 636 | BQ11: 630 | BR11: 732 | BS11: 815 | BT11: 798 | BU11: 732 | BV11: 696 | BW11: 726 | BX11: 750 | BY11: 753 | BZ11: 636 | CA11: 609 | CB11: 732 | CC11: 736 | CD11: 696 | CE11: 743 | CF11: 710 | CG11: 804 | CH11: 726 | CI11: 774 | CJ11: 696 | CK11: 892 | CL11: 916
C12: Output/H | D12: =D11/9 -> 14 | E12: =E11/9 -> 16.666667 | F12: =F11/10 -> 14.4 | G12: =G11/9 -> 0 | H12: =+H11/9 -> 24.666667 | I12: =+I11/9 -> 27.333333 | J12: =J11/10 -> 21.6 | K12: =K11/10 -> 24.6 | L12: =L11/10 -> 24.6 | M12: =M11/10 -> 28.8 | N12: =SUM(N11:N11)/8 -> 42.75 | O12: =O11/8 -> 0 | P12: =P11/8 -> 0 | Q12: =Q11/8 -> 0 | R12: =R11/8 -> 0 | S12: =S11/8 -> 0 | T12: =SUM(T11:T11)/8 -> 0 | U12: =SUM(U11:U11)/8 -> 0 | V12: =SUM(V11:V11)/8 -> 0 | W12: =SUM(W11:W11)/8 -> 0 | X12: =SUM(X11:X11)/8 -> 0 | Y12: =SUM(Y11:Y11)/8 -> 0 | Z12: =Z11/9 -> 0 | AA12: =AA11/9 -> 58.666667 | AB12: =AB11/9 -> 62.888889 | AC12: =AC11/10 -> 46.7 | AD12: =AD11/9 -> 49.111111 | AE12: =+AE11/9 -> 49.888889 | AF12: =+AF11/9 -> 64.777778 | AG12: =AG11/9 -> 76.888889 | AH12: =AH11/9 -> 79.333333 | AI12: =AI11/9 -> 86 | AJ12: =AJ11/9 -> 88.666667 | AK12: =AK11/9 -> 45.333333 | AL12: =AL11/10 -> 55.8 | AM12: =AM11/9 -> 66.666667 | AN12: =AN11/10 -> 87 | AO12: =AO11/9 -> 79.888889 | AP12: =AP11/9 -> 77.444444 | AQ12: =AQ11/7 -> 89 | AR12: =AR11/10 -> 76.7 | AS12: =AS11/10 -> 67.6 | AT12: =AT11/9 -> 78 | AU12: =AU11/7 -> 60 | AV12: =AV11/10 -> 49 | AW12: =AW11/10 -> 64.2 | AX12: =AX11/10 -> 62.1 | AY12: =AY11/10 -> 73.4 | AZ12: =AZ11/10 -> 73.3 | BA12: =BA11/7 -> 54.857143 | BB12: =BB11/10 -> 51 | BC12: =BC11/10 -> 61.2 | BD12: =BD11/10 -> 58 | BE12: =BE11/10 -> 56.8 | BF12: =BF11/10 -> 56.8 | BG12: =BG11/10 -> 48 | BH12: =BH11/10 -> 51.6 | BI12: =BI11/10 -> 60 | BJ12: =+BJ11/10 -> 59.8 | BK12: =+BK11/10 -> 65.1 | BL12: =+BL11/10 -> 60.6 | BM12: =+BM11/10 -> 63.9 | BN12: =+BN11/10 -> 50.4 | BO12: =+BO11/10 -> 58.2 | BP12: =+BP11/10 -> 63.6 | BQ12: =+BQ11/10 -> 63 | BR12: =+BR11/10 -> 73.2 | BS12: =+BS11/11 -> 74.090909 | BT12: =+BT11/11 -> 72.545455 | BU12: =+BU11/12 -> 61 | BV12: =+BV11/12 -> 58 | BW12: =+BW11/12 -> 60.5 | BX12: =+BX11/12 -> 62.5 | BY12: =+BY11/12 -> 62.75 | BZ12: =+BZ11/12 -> 53 | CA12: =+CA11/12 -> 50.75 | CB12: =+CB11/12 -> 61 | CC12: =+CC11/12 -> 61.333333 | CD12: =+CD11/10 -> 69.6 | CE12: =+CE11/12 -> 61.916667 | CF12: =+CF11/12 -> 59.166667 | CG12: =+CG11/12 -> 67 | CH12: =+CH11/12 -> 60.5 | CI12: =+CI11/12 -> 64.5 | CJ12: =+CJ11/12 -> 58 | CK12: =+CK11/12 -> 74.333333 | CL12: =+CL11/12 -> 76.333333 | ... DK12: =+DK11/12 -> 0
B13: Sewing | C13: =C9 -> Output/Day | D13: 72 | E13: 126 | F13: 150 | H13: 107 | I13: 270 | J13: 180 | K13: 246 | L13: 342 | M13: 402 | N13: 420 | AA13: 541 | AB13: 600 | AC13: 504 | AD13: 722 | AE13: 504 | AF13: 540 | AG13: 612 | AH13: 703 | AI13: 774 | AJ13: 800 | AK13: 400 | AL13: 626 | AM13: 503 | AN13: 882 | AO13: 744 | AP13: 750 | AQ13: 516 | AR13: 791 | AS13: 746 | AT13: 518 | AU13: 462 | AV13: 638 | AW13: 600 | AX13: 620 | AY13: 744 | AZ13: 710 | BA13: 402 | BB13: 636 | BC13: 702 | BD13: 630 | BE13: 546 | BF13: 540 | BG13: 510 | BH13: 600 | BI13: 600 | BJ13: 600 | BK13: 660 | BL13: 702 | BM13: 702 | BN13: 600 | BO13: 600 | BP13: 720 | BQ13: 720 | BR13: 810 | BS13: 810 | BT13: 840 | BU13: 858 | BV13: 800 | BW13: 840 | BX13: 900 | BY13: 840 | BZ13: 750 | CA13: 804 | CB13: 804 | CC13: 888 | CD13: 750 | CE13: 900 | CF13: 840 | CG13: 840 | CH13: 888 | CI13: 864 | CJ13: 840 | CK13: 900 | CL13: 980
C14: Output/H | D14: =D13/9 -> 8 | E14: =E13/9 -> 14 | F14: =F13/9 -> 16.666667 | G14: =G13/9 -> 0 | H14: =+H13/9 -> 11.888889 | I14: =+I13/9 -> 30 | J14: =J13/9 -> 20 | K14: =K13/9 -> 27.333333 | L14: =L13/9 -> 38 | M14: =M13/9 -> 44.666667 | N14: =SUM(N13:N13)/8 -> 52.5 | O14: =O13/8 -> 0 | P14: =P13/8 -> 0 | Q14: =Q13/8 -> 0 | R14: =R13/8 -> 0 | S14: =S13/8 -> 0 | T14: =SUM(T13:T13)/8 -> 0 | U14: =SUM(U13:U13)/8 -> 0 | V14: =SUM(V13:V13)/8 -> 0 | W14: =SUM(W13:W13)/8 -> 0 | X14: =SUM(X13:X13)/8 -> 0 | Y14: =SUM(Y13:Y13)/8 -> 0 | Z14: =Z13/9 -> 0 | AA14: =AA13/9 -> 60.111111 | AB14: =AB13/9 -> 66.666667 | AC14: =AC13/9 -> 56 | AD14: =AD13/9 -> 80.222222 | AE14: =+AE13/9 -> 56 | AF14: =+AF13/9 -> 60 | AG14: =AG13/9 -> 68 | AH14: =AH13/9 -> 78.111111 | AI14: =AI13/9 -> 86 | AJ14: =AJ13/9 -> 88.888889 | AK14: =AK13/9 -> 44.444444 | AL14: =AL13/10 -> 62.6 | AM14: =AM13/9 -> 55.888889 | AN14: =AN13/10 -> 88.2 | AO14: =AO13/9 -> 82.666667 | AP14: =AP13/9 -> 83.333333 | AQ14: =AQ13/7 -> 73.714286 | AR14: =AR13/10 -> 79.1 | AS14: =AS13/10 -> 74.6 | AT14: =AT13/9 -> 57.555556 | AU14: =AU13/7 -> 66 | AV14: =AV13/10 -> 63.8 | AW14: =AW13/10 -> 60 | AX14: =AX13/10 -> 62 | AY14: =AY13/10 -> 74.4 | AZ14: =AZ13/10 -> 71 | BA14: =BA13/7 -> 57.428571 | BB14: =BB13/10 -> 63.6 | BC14: =BC13/10 -> 70.2 | BD14: =BD13/10 -> 63 | BE14: =BE13/10 -> 54.6 | BF14: =BF13/10 -> 54 | BG14: =BG13/10 -> 51 | BH14: =BH13/10 -> 60 | BI14: =BI13/10 -> 60 | ... BR14: =BR13/10 -> 81 | BS14: =BS13/11 -> 73.636364 | BT14: =BT13/11 -> 76.363636 | BU14: =BU13/12 -> 71.5 | BV14: =BV13/12 -> 66.666667 | BW14: =BW13/12 -> 70 | BX14: =BX13/12 -> 75 | BY14: =BY13/12 -> 70 | BZ14: =BZ13/12 -> 62.5 | CA14: =CA13/12 -> 67 | CB14: =CB13/12 -> 67 | CC14: =CC13/12 -> 74 | CD14: =CD13/10 -> 75 | CE14: =CE13/12 -> 75 | CF14: =CF13/12 -> 70 | CG14: =CG13/12 -> 70 | CH14: =CH13/12 -> 74 | CI14: =CI13/12 -> 72 | CJ14: =CJ13/12 -> 70 | CK14: =CK13/12 -> 75 | CL14: =CL13/12 -> 81.666667 | ... DK14: =DK13/12 -> 0
B15: Assembly | C15: =C9 -> Output/Day | H15: 120 | I15: 164 | J15: 173 | K15: 111 | L15: 330 | M15: 150 | N15: 359 | AA15: 815 | AB15: 800 | AC15: 800 | AD15: 821 | AE15: 800 | AF15: 772 | AG15: 760 | AH15: 834 | AI15: 878 | AJ15: 923 | AK15: 880 | AL15: 880 | AM15: 670 | AN15: 811 | AO15: 702 | AP15: 980 | AQ15: 550 | AR15: 970 | AS15: 935 | AT15: 935 | AU15: 550 | AV15: 968 | AW15: 895 | AX15: 996 | AY15: 1025 | AZ15: 1110 | BA15: 790 | BB15: 1155 | BC15: 610 | BD15: 52 | BE15: 0 | BF15: 0 | BG15: 0 | BH15: 970 | BI15: 994 | BJ15: 147 | BK15: 887 | BL15: 1046 | BM15: 0 | BN15: 561 | BO15: 0 | BP15: 82 | BQ15: 970 | BR15: 181 | BS15: 1052 | BT15: 1065 | BU15: 822 | BV15: 464 | BW15: 145 | BX15: 145 | BY15: 675 | BZ15: 765 | CA15: 611 | CB15: 600 | CC15: 880 | CD15: 0 | CE15: 1005 | CF15: 710 | CG15: 1012 | CH15: 815 | CI15: 775 | CJ15: 610 | CK15: 919 | CL15: 935
C16: Output/H | D16: =D15/8 -> 0 | E16: =E15/8 -> 0 | F16: =F15/8 -> 0 | G16: =G15/8 -> 0 | H16: =H15/8 -> 15 | I16: =+I15/8 -> 20.5 | J16: =J15/8 -> 21.625 | K16: =K15/8 -> 13.875 | L16: =L15/8 -> 41.25 | M16: =M15/8 -> 18.75 | N16: =SUM(N15:N15)/8 -> 44.875 | O16: =SUM(O15:O15)/8 -> 0 | P16: =SUM(P15:P15)/8 -> 0 | Q16: =SUM(Q15:Q15)/8 -> 0 | R16: =SUM(R15:R15)/8 -> 0 | S16: =SUM(S15:S15)/8 -> 0 | T16: =SUM(T15:T15)/8 -> 0 | U16: =SUM(U15:U15)/8 -> 0 | ... Y16: =SUM(Y15:Y15)/8 -> 0 | Z16: =Z15/8 -> 0 | AA16: =AA15/8 -> 101.875 | AB16: =AB15/8 -> 100 | AC16: =AC15/8 -> 100 | AD16: =AD15/8 -> 102.625 | AE16: =AE15/8 -> 100 | AF16: =+AF15/8 -> 96.5 | AG16: =AG15/8 -> 95 | AH16: =AH15/8 -> 104.25 | AI16: =AI15/8 -> 109.75 | AJ16: =AJ15/8 -> 115.375 | AK16: =AK15/9 -> 97.777778 | AL16: =AL15/9 -> 97.777778 | AM16: =AM15/9 -> 74.444444 | AN16: =AN15/9 -> 90.111111 | AO16: =AO15/9 -> 78 | AP16: =AP15/9 -> 108.88889 | AQ16: =AQ15/5 -> 110 | AR16: =AR15/9 -> 107.77778 | AS16: =AS15/9 -> 103.88889 | AT16: =AT15/9 -> 103.88889 | AU16: =AU15/5 -> 110 | AV16: =AV15/9 -> 107.55556 | AW16: =AW15/9 -> 99.444444 | AX16: =AX15/9 -> 110.66667 | AY16: =AY15/9 -> 113.88889 | AZ16: =AZ15/9 -> 123.33333 | BA16: =BA15/7 -> 112.85714 | BB16: =BB15/9 -> 128.33333 | BC16: =BC15/10 -> 61 | BD16: =BD15/9 -> 5.7777778 | BE16: =BE15/9 -> 0 | BF16: =BF15/9 -> 0 | BG16: =BG15/9 -> 0 | BH16: =BH15/9 -> 107.77778 | BI16: =BI15/9 -> 110.44444 | BJ16: =BJ15/9 -> 16.333333 | BK16: =BK15/9 -> 98.555556 | BL16: =BL15/8 -> 130.75 | BM16: =BM15/9 -> 0 | BN16: =BN15/9 -> 62.333333 | BO16: =BO15/9 -> 0 | BP16: =BP15/9 -> 9.1111111 | BQ16: =BQ15/9 -> 107.77778 | BR16: =BR15/7 -> 25.857143 | BS16: =BS15/12 -> 87.666667 | BT16: =BT15/11 -> 96.818182 | BU16: =BU15/11 -> 74.727273 | BV16: =BV15/11 -> 42.181818 | BW16: =BW15/11 -> 13.181818 | BX16: =BX15/11 -> 13.181818 | BY16: =BY15/11 -> 61.363636 | BZ16: =BZ15/12 -> 63.75 | CA16: =CA15/12 -> 50.916667 | CB16: =CB15/10 -> 60 | CC16: =CC15/12 -> 73.333333 | CD16: =CD15/12 -> 0 | CE16: =CE15/11 -> 91.363636 | CF16: =CF15/10 -> 71 | CG16: =CG15/10 -> 101.2 | CH16: =CH15/10 -> 81.5 | CI16: =CI15/10 -> 77.5 | CJ16: =CJ15/10 -> 61 | CK16: =CK15/10 -> 91.9 | CL16: =CL15/12 -> 77.916667 | CM16: =CM15/12 -> 0 | CN16: =CN15/12 -> 0 | CO16: =CO15/12 -> 0 | CP16: =CP15/12 -> 0 | CQ16: =CQ15/12 -> 0 | CR16: =CR15/12 -> 0 | CS16: =CS15/12 -> 0 | ... DK16: =DK15/12 -> 0
B17: TARGET RUMP UP LEAN | D17: 12 | E17: 12 | F17: 12 | G17: 12 | H17: 12 | I17: 24 | J17: 24 | K17: 24 | L17: 24 | M17: 24 | N17: 48 | O17: 48 | P17: 48 | Q17: 48 | R17: 48 | S17: 60 | T17: 60 | U17: 60 | V17: 60 | W17: 60 | X17: 72 | Y17: 72 | Z17: 72 | AA17: 72 | AB17: 72 | AC17: 96 | AD17: 96 | AE17: 96 | AF17: 96 | AG17: 96 | AH17: 108 | AI17: 108 | AJ17: 108 | AK17: 108 | AL17: 108 | AM17: 120 | AN17: 120 | AO17: 120 | AP17: 120 | AQ17: 120 | AR17: 120 | AS17: 120 | AT17: 120 | AU17: 120 | AV17: 120 | AW17: 120 | AX17: 120 | AY17: 120 | AZ17: 120 | BA17: 120 | BB17: 120 | BC17: 120 | BD17: 120 | BE17: 120 | BF17: 120 | BG17: 120 | BH17: 120 | BI17: 120 | BJ17: 120 | BK17: 120 | BL17: 120 | BM17: 120 | BN17: 120 | BO17: 120 | BP17: 120 | BQ17: 120 | BR17: 120 | BS17: 120 | BT17: 120 | BU17: 120 | BV17: 120 | BW17: 120 | BX17: 120 | BY17: 120 | BZ17: 120 | CA17: 120 | CB17: 120 | CC17: 120 | CD17: 120 | CE17: 120 | CF17: 120 | CG17: 120 | CH17: 120 | CI17: 120 | CJ17: 120 | CK17: 120 | CL17: 120 | CM17: 120 | CN17: 120 | CO17: 120 | CP17: 120 | CQ17: 120 | CR17: 120 | CS17: 120 | CT17: 120 | CU17: 120 | CV17: 120 | CW17: 120 | CX17: 120 | CY17: 120 | CZ17: 120 | DA17: 120 | DB17: 120 | DC17: 120 | DD17: 120 | DE17: 120 | DF17: 120 | DG17: 120 | DH17: 120 | DI17: 120 | DJ17: 120 | DK17: 120

Sheet Cell 5 603
B4: Model 603 | AB4: Target : 120 Prs/H | AS4: Target: 120 Prs | BK4: Cell 5 | CV4: Target: 120 Prs
B6: Description | C6: MP | E6: MODEL | AB6: Day
F7: 1 | G7: 2 | H7: 3 | I7: 4 | J7: 5 | K7: 6 | L7: =1+K7 -> 7 | M7: =1+L7 -> 8 | N7: =1+M7 -> 9 | O7: =1+N7 -> 10 | P7: =1+O7 -> 11 | Q7: =1+P7 -> 12 | R7: =1+Q7 -> 13 | S7: =1+R7 -> 14 | ... CX7: =1+CW7 -> 97
C8: Std | D8: Act | F8: 46030 | G8: 46031 | H8: 46034 | I8: 46035 | J8: 46036 | K8: 46037 | L8: 46039 | M8: 46041 | N8: 46042 | O8: 46043 | P8: 46044 | Q8: 46045 | R8: 46048 | S8: 46049 | T8: 46050 | U8: 46051 | V8: 46052 | W8: 46055 | X8: 46056 | Y8: 46057 | Z8: 46058 | AA8: 46059 | AB8: 46062 | AC8: 46063 | AD8: 46064 | AE8: 46065 | AF8: 46066 | AG8: 46069 | AH8: 46070 | AI8: 46071 | AJ8: 46072 | AK8: 46073 | AL8: 46074 | AM8: 46076 | AN8: 46077 | AO8: 46078 | AP8: 46079 | AQ8: 46080 | AR8: 46081 | AS8: 46083 | AT8: 46084 | AU8: 46085 | AV8: 46086 | AW8: 46087 | AX8: 46090 | AY8: 46091 | AZ8: 46092 | BA8: 46093 | BB8: 46094 | BC8: 46097 | BD8: 46098 | BE8: 46099 | BF8: 46106 | BG8: 46107 | BH8: 46108 | BI8: 46109 | BJ8: 46111 | BK8: 46112 | BL8: 46113 | BM8: 46114 | BN8: 46115 | BO8: 46116 | BP8: 46118 | BQ8: 46119 | BR8: 46120 | BS8: 46121 | BT8: 46122 | BU8: 46123 | BV8: 46125 | BW8: 46126 | BX8: 46127 | BY8: 46128 | BZ8: 46129 | CA8: 46130 | CB8: 46132 | CC8: 46133 | CD8: 46134 | CE8: 46135 | CF8: 46136 | CG8: 46137 | CH8: 46138 | CI8: 46139 | CJ8: 46140 | CK8: 46141 | CL8: 46142 | CM8: 46143 | CN8: 46144 | CO8: 46145 | CP8: 46146 | CQ8: 46147 | CR8: 46148 | CS8: 46149 | CT8: 46150 | CU8: 46151 | CV8: 46152 | CW8: 46153 | CX8: 46154
B9: Cutting+Prep | E9: Output/Day | N9: 714 | O9: 816 | P9: 780 | Q9: 0 | R9: 0 | S9: 0 | T9: 408 | U9: 600 | V9: 0 | W9: 516 | X9: 246 | Y9: 264 | Z9: 0 | AA9: 600 | AB9: 192 | AC9: 982 | AD9: 1030 | AE9: 882 | AF9: 936 | AG9: 888 | AH9: 546 | AI9: 960 | AJ9: 816 | AK9: 960 | AL9: 600 | AM9: 960 | AN9: 744 | AO9: 864 | AP9: 504 | AQ9: 864 | AR9: 600 | AS9: 960 | AT9: 708 | AU9: 540 | AV9: 462 | AW9: 222 | AX9: 0 | AY9: 0 | AZ9: 584 | BA9: 936 | BB9: 1210 | BC9: 864 | BD9: 504 | BE9: 504 | BF9: 504 | BG9: 850 | BH9: 794 | BI9: 1290 | BJ9: 1002 | BK9: 868 | BL9: 840 | BM9: 996 | BN9: 1218 | BO9: 1110 | BP9: 1346 | BQ9: 1368 | BR9: 1134 | BS9: 1182 | BT9: 1164 | BU9: 834 | BV9: 954 | BW9: 990 | BX9: 1212 | BY9: 1200 | BZ9: 1068 | CA9: 1612 | CB9: 2058 | CC9: 2292
E10: Output/H | G10: =SUM(G9:G9)/8 -> 0 | H10: =H9/8 -> 0 | I10: =I9/8 -> 0 | J10: =J9/8 -> 0 | K10: =K9/8 -> 0 | L10: =SUM(L9:L9)/8 -> 0 | M10: =M9/8 -> 0 | N10: =N9/8 -> 89.25 | O10: =O9/8 -> 102 | P10: =P9/8 -> 97.5 | Q10: =Q9/8 -> 0 | R10: =R9/8 -> 0 | S10: =S9/8 -> 0 | T10: =T9/10 -> 40.8 | U10: =U9/8 -> 75 | V10: =SUM(V9:V9)/8 -> 0 | W10: =+W9/8 -> 64.5 | X10: =+X9/8 -> 30.75 | Y10: =+Y9/8 -> 33 | Z10: =Z9/8 -> 0 | AA10: =AA9/8 -> 75 | AB10: =AB9/8 -> 24 | AC10: =AC9/9 -> 109.11111 | AD10: =AD9/9 -> 114.44444 | AE10: =AE9/9 -> 98 | AF10: =AF9/9 -> 104 | AG10: =AG9/9 -> 98.666667 | AH10: =AH9/5 -> 109.2 | AI10: =AI9/9 -> 106.66667 | AJ10: =AJ9/9 -> 90.666667 | AK10: =AK9/9 -> 106.66667 | AL10: =AL9/7 -> 85.714286 | AM10: =AM9/9 -> 106.66667 | AN10: =AN9/9 -> 82.666667 | AO10: =AO9/9 -> 96 | AP10: =AP9/8 -> 63 | AQ10: =AQ9/9 -> 96 | AR10: =AR9/5 -> 120 | AS10: =AS9/9 -> 106.66667 | AT10: =AT9/8 -> 88.5 | AU10: =AU9/8 -> 67.5 | AV10: =AV9/8 -> 57.75 | AW10: =AW9/8 -> 27.75 | AX10: =AX9/8 -> 0 | AY10: =AY9/9 -> 0 | AZ10: =AZ9/9 -> 64.888889 | BA10: =BA9/8 -> 117 | BB10: =BB9/8 -> 151.25 | BC10: =BC9/8 -> 108 | BD10: =BD9/8 -> 63 | BE10: =BE9/8 -> 63 | BF10: =BF9/8 -> 63 | BG10: =BG9/8 -> 106.25 | BH10: =BH9/8 -> 99.25 | BI10: =BI9/7 -> 184.28571 | BJ10: =BJ9/10 -> 100.2 | BK10: =BK9/10 -> 86.8 | BL10: =BL9/10 -> 84 | BM10: =BM9/10 -> 99.6 | BN10: =BN9/10 -> 121.8 | BO10: =BO9/10 -> 111 | BP10: =BP9/10 -> 134.6 | BQ10: =BQ9/12 -> 114 | BR10: =BR9/12 -> 94.5 | BS10: =BS9/12 -> 98.5 | BT10: =BT9/12 -> 97 | BU10: =BU9/8 -> 104.25 | BV10: =BV9/11 -> 86.727273 | BW10: =BW9/11 -> 90 | BX10: =BX9/11 -> 110.18182 | BY10: =BY9/11 -> 109.09091 | BZ10: =BZ9/12 -> 89 | CA10: =CA9/12 -> 134.33333 | CB10: =CB9/12 -> 171.5 | CC10: =CC9/12 -> 191 | CD10: =CD9/12 -> 0 | CE10: =CE9/12 -> 0 | CF10: =CF9/12 -> 0 | CG10: =CG9/12 -> 0 | ... CW10: =CW9/12 -> 0 | CX10: =CX9/10 -> 0
B11: Comshare | E11: =E9 -> Output/Day | N11: 294 | O11: 276 | P11: 298 | Q11: 282 | R11: 468 | S11: 306 | T11: 330 | U11: 384 | V11: 330 | W11: 270 | X11: 315 | Y11: 468 | Z11: 462 | AA11: 498 | AB11: 462 | AC11: 318 | AD11: 386 | AE11: 409 | AF11: 410 | AG11: 504 | AH11: 492 | AI11: 612 | AJ11: 713 | AK11: 558 | AL11: 496 | AM11: 694 | AN11: 786 | AO11: 312 | AP11: 764 | AQ11: 709 | AR11: 575 | AS11: 502 | AT11: 714 | AU11: 573 | AV11: 562 | AW11: 603 | AX11: 780 | AY11: 570 | AZ11: 450 | BA11: 515 | BB11: 515 | BC11: 550 | BD11: 600 | BE11: 516 | BF11: 468 | BG11: 600 | BH11: 720 | BI11: 846 | BJ11: 828 | BK11: 744 | BL11: 711 | BM11: 702 | BN11: 864 | BO11: 828 | BP11: 943 | BQ11: 726 | BR11: 924 | BS11: 774 | BT11: 756 | BU11: 582 | BV11: 900 | BW11: 787 | BX11: 942 | BY11: 747 | BZ11: 768 | CA11: 774 | CB11: 1108 | CC11: 1000
E12: Output/H | G12: =SUM(G11:G11)/8 -> 0 | H12: =H11/8 -> 0 | I12: =I11/8 -> 0 | J12: =J11/8 -> 0 | K12: =K11/8 -> 0 | L12: =SUM(L11:L11)/8 -> 0 | M12: =M11/8 -> 0 | N12: =N11/8 -> 36.75 | O12: =O11/8 -> 34.5 | P12: =P11/8 -> 37.25 | Q12: =Q11/9 -> 31.333333 | R12: =R11/8 -> 58.5 | S12: =S11/8 -> 38.25 | T12: =T11/10 -> 33 | U12: =U11/9 -> 42.666667 | V12: =V11/9 -> 36.666667 | W12: =+W11/8 -> 33.75 | X12: =+X11/8 -> 39.375 | Y12: =+Y11/8 -> 58.5 | Z12: =Z11/8 -> 57.75 | AA12: =AA11/9 -> 55.333333 | AB12: =AB11/9 -> 51.333333 | AC12: =AC11/9 -> 35.333333 | AD12: =AD11/9 -> 42.888889 | AE12: =AE11/9 -> 45.444444 | AF12: =AF11/9 -> 45.555556 | AG12: =AG11/9 -> 56 | AH12: =AH11/7 -> 70.285714 | AI12: =AI11/10 -> 61.2 | AJ12: =AJ11/10 -> 71.3 | AK12: =AK11/9 -> 62 | AL12: =AL11/7 -> 70.857143 | AM12: =AM11/10 -> 69.4 | AN12: =AN11/10 -> 78.6 | AO12: =AO11/10 -> 31.2 | AP12: =AP11/10 -> 76.4 | AQ12: =AQ11/10 -> 70.9 | AR12: =AR11/7 -> 82.142857 | AS12: =AS11/10 -> 50.2 | AT12: =AT11/10 -> 71.4 | AU12: =AU11/10 -> 57.3 | AV12: =AV11/10 -> 56.2 | AW12: =AW11/10 -> 60.3 | AX12: =AX11/10 -> 78 | AY12: =AY11/10 -> 57 | AZ12: =AZ11/10 -> 45 | ... BI12: =BI11/10 -> 84.6 | BJ12: =BJ11/11 -> 75.272727 | BK12: =BK11/12 -> 62 | BL12: =BL11/11 -> 64.636364 | BM12: =BM11/11 -> 63.818182 | BN12: =BN11/11 -> 78.545455 | BO12: =BO11/11 -> 75.272727 | BP12: =BP11/11 -> 85.727273 | BQ12: =BQ11/12 -> 60.5 | BR12: =BR11/12 -> 77 | BS12: =BS11/12 -> 64.5 | BT12: =BT11/12 -> 63 | BU12: =BU11/10 -> 58.2 | BV12: =BV11/12 -> 75 | BW12: =BW11/12 -> 65.583333 | BX12: =BX11/12 -> 78.5 | BY12: =BY11/12 -> 62.25 | BZ12: =BZ11/12 -> 64 | CA12: =CA11/12 -> 64.5 | CB12: =CB11/12 -> 92.333333 | CC12: =CC11/12 -> 83.333333 | ... CW12: =CW11/12 -> 0 | CX12: =CX11/11 -> 0
B13: Sewing | E13: =E9 -> Output/Day | N13: 264 | O13: 300 | P13: 300 | Q13: 330 | R13: 456 | S13: 366 | T13: 348 | U13: 302 | V13: 402 | W13: 408 | X13: 420 | Y13: 480 | Z13: 504 | AA13: 504 | AB13: 504 | AC13: 504 | AD13: 546 | AE13: 660 | AF13: 650 | AG13: 684 | AH13: 438 | AI13: 630 | AJ13: 702 | AK13: 456 | AL13: 449 | AM13: 708 | AN13: 720 | AO13: 633 | AP13: 840 | AQ13: 804 | AR13: 438 | AS13: 840 | AT13: 702 | AU13: 702 | AV13: 702 | AW13: 630 | AX13: 804 | AY13: 726 | AZ13: 450 | BA13: 504 | BB13: 504 | BC13: 600 | BD13: 720 | BE13: 600 | BF13: 504 | BG13: 702 | BH13: 756 | BI13: 840 | BJ13: 803 | BK13: 804 | BL13: 868 | BM13: 804 | BN13: 900 | BO13: 912 | BP13: 900 | BQ13: 804 | BR13: 900 | BS13: 804 | BT13: 840 | BU13: 750 | BV13: 900 | BW13: 900 | BX13: 924 | BY13: 924 | BZ13: 840 | CA13: 804 | CB13: 900 | CC13: 980
E14: Output/H | G14: =SUM(G13:G13)/8 -> 0 | H14: =H13/8 -> 0 | I14: =I13/8 -> 0 | J14: =J13/8 -> 0 | K14: =K13/8 -> 0 | L14: =SUM(L13:L13)/8 -> 0 | M14: =M13/8 -> 0 | N14: =N13/8 -> 33 | O14: =O13/8 -> 37.5 | P14: =P13/8 -> 37.5 | Q14: =Q13/9 -> 36.666667 | R14: =R13/8 -> 57 | S14: =S13/8 -> 45.75 | T14: =T13/9 -> 38.666667 | U14: =U13/9 -> 33.555556 | V14: =V13/9 -> 44.666667 | W14: =+W13/9 -> 45.333333 | X14: =+X13/8 -> 52.5 | Y14: =Y13/8 -> 60 | Z14: =Z13/8 -> 63 | AA14: =AA13/9 -> 56 | AB14: =AB13/9 -> 56 | AC14: =AC13/9 -> 56 | AD14: =AD13/9 -> 60.666667 | AE14: =AE13/9 -> 73.333333 | AF14: =AF13/9 -> 72.222222 | AG14: =AG13/9 -> 76 | AH14: =AH13/7 -> 62.571429 | AI14: =AI13/10 -> 63 | AJ14: =AJ13/10 -> 70.2 | AK14: =AK13/9 -> 50.666667 | AL14: =AL13/7 -> 64.142857 | AM14: =AM13/10 -> 70.8 | AN14: =AN13/10 -> 72 | AO14: =AO13/10 -> 63.3 | AP14: =AP13/10 -> 84 | AQ14: =AQ13/10 -> 80.4 | AR14: =AR13/7 -> 62.571429 | AS14: =AS13/10 -> 84 | AT14: =AT13/10 -> 70.2 | AU14: =AU13/10 -> 70.2 | AV14: =AV13/10 -> 70.2 | AW14: =AW13/10 -> 63 | AX14: =AX13/10 -> 80.4 | AY14: =AY13/10 -> 72.6 | AZ14: =AZ13/10 -> 45 | ... BI14: =BI13/10 -> 84 | BJ14: =BJ13/11 -> 73 | BK14: =BK13/12 -> 67 | BL14: =BL13/11 -> 78.909091 | BM14: =BM13/11 -> 73.090909 | BN14: =BN13/11 -> 81.818182 | BO14: =BO13/11 -> 82.909091 | BP14: =BP13/11 -> 81.818182 | BQ14: =BQ13/12 -> 67 | BR14: =BR13/12 -> 75 | BS14: =BS13/12 -> 67 | BT14: =BT13/12 -> 70 | BU14: =BU13/10 -> 75 | BV14: =BV13/12 -> 75 | BW14: =BW13/12 -> 75 | BX14: =BX13/12 -> 77 | BY14: =BY13/12 -> 77 | BZ14: =BZ13/12 -> 70 | CA14: =CA13/12 -> 67 | CB14: =CB13/12 -> 75 | CC14: =CC13/12 -> 81.666667 | ... CW14: =CW13/12 -> 0 | CX14: =CX13/11 -> 0
B15: Assembly | E15: =E9 -> Output/Day | V15: 470 | W15: 734 | X15: 712 | Y15: 758 | Z15: 708 | AA15: 715 | AB15: 712 | AC15: 705 | AD15: 720 | AE15: 700 | AF15: 927 | AG15: 782 | AH15: 500 | AI15: 940 | AJ15: 925 | AK15: 960 | AL15: 0 | AM15: 818 | AN15: 567 | AO15: 1020 | AP15: 1050 | AQ15: 1040 | AR15: 601 | AS15: 1080 | AT15: 1065 | AU15: 755 | AV15: 811 | AW15: 905 | AX15: 830 | AY15: 1021 | AZ15: 940 | BA15: 885 | BB15: 1009 | BC15: 995 | BD15: 960 | BE15: 656 | BF15: 1000 | BG15: 1046 | BH15: 920 | BI15: 450 | BJ15: 1175 | BK15: 973 | BL15: 1093 | BM15: 598 | BN15: 442 | BO15: 442 | BP15: 773 | BQ15: 985 | BR15: 785 | BS15: 570 | BT15: 870 | BU15: 757 | BV15: 915 | BW15: 945 | BX15: 1040 | BY15: 807 | BZ15: 908 | CA15: 616 | CB15: 1002 | CC15: 976
E16: Output/H | G16: =SUM(G15:G15)/8 -> 0 | H16: =SUM(H15:H15)/8 -> 0 | I16: =I15/8 -> 0 | J16: =J15/8 -> 0 | K16: =K15/8 -> 0 | L16: =SUM(L15:L15)/8 -> 0 | M16: =SUM(M15:M15)/8 -> 0 | N16: =SUM(N15:N15)/8 -> 0 | O16: =SUM(O15:O15)/8 -> 0 | P16: =SUM(P15:P15)/8 -> 0 | Q16: =SUM(Q15:Q15)/8 -> 0 | R16: =SUM(R15:R15)/8 -> 0 | S16: =SUM(S15:S15)/8 -> 0 | ... U16: =SUM(U15:U15)/8 -> 0 | V16: =+V15/8 -> 58.75 | W16: =+W15/8 -> 91.75 | X16: =+X15/8 -> 89 | Y16: =+Y15/8 -> 94.75 | Z16: =Z15/8 -> 88.5 | AA16: =AA15/8 -> 89.375 | AB16: =AB15/8 -> 89 | AC16: =AC15/9 -> 78.333333 | AD16: =AD15/9 -> 80 | AE16: =AE15/9 -> 77.777778 | AF16: =AF15/9 -> 103 | AG16: =AG15/9 -> 86.888889 | AH16: =AH15/5 -> 100 | AI16: =AI15/9 -> 104.44444 | AJ16: =AJ15/9 -> 102.77778 | AK16: =AK15/9 -> 106.66667 | AL16: =AL15/8 -> 0 | AM16: =AM15/9 -> 90.888889 | AN16: =AN15/9 -> 63 | AO16: =AO15/9 -> 113.33333 | AP16: =AP15/9 -> 116.66667 | AQ16: =AQ15/9 -> 115.55556 | AR16: =AR15/5 -> 120.2 | AS16: =AS15/9 -> 120 | AT16: =AT15/10 -> 106.5 | AU16: =AU15/9 -> 83.888889 | AV16: =AV15/9 -> 90.111111 | AW16: =AW15/9 -> 100.55556 | AX16: =AX15/9 -> 92.222222 | AY16: =AY15/9 -> 113.44444 | AZ16: =AZ15/9 -> 104.44444 | BA16: =BA15/9 -> 98.333333 | BB16: =BB15/9 -> 112.11111 | ... BH16: =BH15/9 -> 102.22222 | BI16: =BI15/7 -> 64.285714 | BJ16: =BJ15/12 -> 97.916667 | BK16: =BK15/10 -> 97.3 | BL16: =BL15/11 -> 99.363636 | BM16: =BM15/11 -> 54.363636 | BN16: =BN15/11 -> 40.181818 | BO16: =BO15/11 -> 40.181818 | BP16: =BP15/11 -> 70.272727 | BQ16: =BQ15/11 -> 89.545455 | BR16: =BR15/11 -> 71.363636 | BS16: =BS15/11 -> 51.818182 | BT16: =BT15/11 -> 79.090909 | BU16: =BU15/9 -> 84.111111 | BV16: =BV15/11 -> 83.181818 | BW16: =BW15/10 -> 94.5 | BX16: =BX15/11 -> 94.545455 | BY16: =BY15/10 -> 80.7 | BZ16: =BZ15/11 -> 82.545455 | CA16: =CA15/11 -> 56 | CB16: =CB15/11 -> 91.090909 | CC16: =CC15/11 -> 88.727273 | CD16: =CD15/11 -> 0 | CE16: =CE15/11 -> 0 | CF16: =CF15/11 -> 0 | CG16: =CG15/11 -> 0 | ... CX16: =CX15/11 -> 0
B17: TARGET RUMP UP LEAN | F17: 12 | G17: 12 | H17: 12 | I17: 12 | J17: 12 | K17: 24 | L17: 24 | M17: 24 | N17: 24 | O17: 24 | P17: 48 | Q17: 48 | R17: 48 | S17: 48 | T17: 48 | U17: 60 | V17: 60 | W17: 60 | X17: 60 | Y17: 60 | Z17: 72 | AA17: 72 | AB17: 72 | AC17: 72 | AD17: 72 | AE17: 84 | AF17: 84 | AG17: 84 | AH17: 84 | AI17: 84 | AJ17: 84 | AK17: 108 | AL17: 108 | AM17: 108 | AN17: 108 | AO17: 108 | AP17: 120 | AQ17: 120 | AR17: 120 | AS17: 120 | AT17: 120 | AU17: 120 | AV17: 120 | AW17: 120 | AX17: 120 | AY17: 120 | AZ17: 120 | BA17: 120 | BB17: 120 | BC17: 120 | BD17: 120 | BE17: 120 | BF17: 120 | BG17: 120 | BH17: 120 | BI17: 120 | BJ17: 120 | BK17: 120 | BL17: 120 | BM17: 120 | BN17: 120 | BO17: 120 | BP17: 120 | BQ17: 120 | BR17: 120 | BS17: 120 | BT17: 120 | BU17: 120 | BV17: 120 | BW17: 120 | BX17: 120 | BY17: 120 | BZ17: 120 | CA17: 120 | CB17: 120 | CC17: 120 | CD17: 120 | CE17: 120 | CF17: 120 | CG17: 120 | CH17: 120 | CI17: 120 | CJ17: 120 | CK17: 120 | CL17: 120 | CM17: 120 | CN17: 120 | CO17: 120 | CP17: 120 | CQ17: 120 | CR17: 120 | CS17: 120 | CT17: 120 | CU17: 120 | CV17: 120 | CW17: 120 | CX17: 120

Sheet Cell 9 603
B4: Model 603 | AB4: Target : 120 Prs/H | AS4: Target: 120 Prs | BN4: Cell 5
B6: Description | C6: MP | E6: MODEL | F6: Day
F7: 1 | G7: 2 | H7: 3 | I7: 4 | J7: 5 | K7: 6 | L7: =1+K7 -> 7 | M7: =1+L7 -> 8 | N7: =1+M7 -> 9 | O7: =1+N7 -> 10 | P7: =1+O7 -> 11 | Q7: =1+P7 -> 12 | R7: =1+Q7 -> 13 | S7: =1+R7 -> 14 | ... BO7: =1+BN7 -> 62
C8: Std | D8: Act | F8: 46115 | G8: 46116 | H8: 46118 | I8: 46119 | J8: 46120 | K8: 46121 | L8: 46122 | M8: 46123 | N8: 46125 | O8: 46126 | P8: 46127 | Q8: 46128 | R8: 46129 | S8: 46130 | T8: 46132 | U8: 46133 | V8: 46134 | W8: 46135 | X8: 46136 | Y8: 46137 | Z8: 46138 | AA8: 46139 | AB8: 46140 | AC8: 46141 | AD8: 46142 | AE8: 46143 | AF8: 46144 | AG8: 46145 | AH8: 46146 | AI8: 46147 | AJ8: 46148 | AK8: 46149 | AL8: 46150 | AM8: 46151 | AN8: 46152 | AO8: 46153 | AP8: 46154 | AQ8: 46155 | AR8: 46156 | AS8: 46157 | AT8: 46158 | AU8: 46159 | AV8: 46160 | AW8: 46161 | AX8: 46162 | AY8: 46163 | AZ8: 46164 | BA8: 46165 | BB8: 46166 | BC8: 46167 | BD8: 46168 | BE8: 46169 | BF8: 46170 | BG8: 46171 | BH8: 46172 | BI8: 46173 | BJ8: 46174 | BK8: 46175 | BL8: 46176 | BM8: 46177 | BN8: 46178 | BO8: 46179
B9: Cutting+Prep | E9: Output/Day | F9: 1074 | G9: 576 | H9: 84 | I9: 240 | J9: 228 | K9: 198 | L9: 222 | M9: 222 | N9: 288 | O9: 384 | P9: 336 | Q9: 0 | R9: 132 | S9: 372 | T9: 0 | U9: 762
E10: Output/H | F10: =+F9/10 -> 107.4 | G10: =+G9/10 -> 57.6 | H10: =+H9/10 -> 8.4 | I10: =I9/8 -> 30 | J10: =J9/8 -> 28.5 | K10: =K9/8 -> 24.75 | L10: =SUM(L9:L9)/8 -> 27.75 | M10: =M9/8 -> 27.75 | N10: =N9/8 -> 36 | O10: =O9/8 -> 48 | P10: =P9/8 -> 42 | Q10: =Q9/8 -> 0 | R10: =R9/8 -> 16.5 | S10: =S9/8 -> 46.5 | T10: =T9/10 -> 0 | U10: =U9/8 -> 95.25 | V10: =SUM(V9:V9)/8 -> 0 | W10: =+W9/8 -> 0 | X10: =+X9/8 -> 0 | Y10: =+Y9/8 -> 0 | Z10: =Z9/8 -> 0 | AA10: =AA9/8 -> 0 | AB10: =AB9/8 -> 0 | AC10: =AC9/9 -> 0 | AD10: =AD9/9 -> 0 | AE10: =AE9/9 -> 0 | AF10: =AF9/9 -> 0 | AG10: =AG9/9 -> 0 | AH10: =AH9/5 -> 0 | AI10: =AI9/9 -> 0 | AJ10: =AJ9/9 -> 0 | AK10: =AK9/9 -> 0 | AL10: =AL9/7 -> 0 | AM10: =AM9/9 -> 0 | AN10: =AN9/9 -> 0 | AO10: =AO9/9 -> 0 | AP10: =AP9/8 -> 0 | AQ10: =AQ9/9 -> 0 | AR10: =AR9/5 -> 0 | AS10: =AS9/9 -> 0 | AT10: =AT9/8 -> 0 | AU10: =AU9/8 -> 0 | AV10: =AV9/8 -> 0 | AW10: =AW9/8 -> 0 | AX10: =AX9/8 -> 0 | AY10: =AY9/9 -> 0 | AZ10: =AZ9/9 -> 0 | BA10: =BA9/8 -> 0 | BB10: =BB9/8 -> 0 | BC10: =BC9/8 -> 0 | BD10: =BD9/8 -> 0 | BE10: =BE9/8 -> 0 | BF10: =BF9/8 -> 0 | BG10: =BG9/8 -> 0 | BH10: =BH9/8 -> 0 | BI10: =BI9/7 -> 0 | BJ10: =BJ9/10 -> 0 | BK10: =BK9/10 -> 0 | BL10: =BL9/8 -> 0 | BM10: =BM9/8 -> 0 | BN10: =BN9/8 -> 0 | BO10: =BO9/8 -> 0
B11: Comshare | E11: =E9 -> Output/Day | F11: 0 | G11: 0 | H11: 0 | I11: 0 | J11: 108 | K11: 138 | L11: 132 | M11: 0 | N11: 276 | O11: 270 | P11: 222 | Q11: 276 | R11: 288 | S11: 354 | T11: 378 | U11: 228
E12: Output/H | F12: =SUM(F11:F11)/8 -> 0 | G12: =SUM(G11:G11)/8 -> 0 | H12: =H11/8 -> 0 | I12: =I11/8 -> 0 | J12: =J11/8 -> 13.5 | K12: =K11/8 -> 17.25 | L12: =SUM(L11:L11)/8 -> 16.5 | M12: =M11/8 -> 0 | N12: =N11/8 -> 34.5 | O12: =O11/8 -> 33.75 | P12: =P11/9 -> 24.666667 | Q12: =Q11/9 -> 30.666667 | R12: =R11/8 -> 36 | S12: =S11/8 -> 44.25 | T12: =T11/10 -> 37.8 | U12: =U11/9 -> 25.333333 | V12: =V11/9 -> 0 | W12: =+W11/8 -> 0 | X12: =+X11/8 -> 0 | Y12: =+Y11/8 -> 0 | Z12: =Z11/8 -> 0 | AA12: =AA11/9 -> 0 | AB12: =AB11/9 -> 0 | AC12: =AC11/9 -> 0 | AD12: =AD11/9 -> 0 | AE12: =AE11/9 -> 0 | AF12: =AF11/9 -> 0 | AG12: =AG11/9 -> 0 | AH12: =AH11/7 -> 0 | AI12: =AI11/10 -> 0 | AJ12: =AJ11/10 -> 0 | AK12: =AK11/9 -> 0 | AL12: =AL11/7 -> 0 | AM12: =AM11/10 -> 0 | AN12: =AN11/10 -> 0 | AO12: =AO11/10 -> 0 | AP12: =AP11/10 -> 0 | AQ12: =AQ11/10 -> 0 | AR12: =AR11/7 -> 0 | AS12: =AS11/10 -> 0 | AT12: =AT11/10 -> 0 | AU12: =AU11/10 -> 0 | AV12: =AV11/10 -> 0 | AW12: =AW11/10 -> 0 | AX12: =AX11/10 -> 0 | AY12: =AY11/10 -> 0 | AZ12: =AZ11/10 -> 0 | ... BI12: =BI11/10 -> 0 | BJ12: =BJ11/11 -> 0 | BK12: =BK11/11 -> 0 | BL12: =BL11/10 -> 0 | BM12: =BM11/10 -> 0 | BN12: =BN11/10 -> 0 | BO12: =BO11/10 -> 0
B13: Sewing | E13: =E9 -> Output/Day | F13: 0 | G13: 0 | H13: 0 | I13: 0 | J13: 840 | K13: 113 | L13: 161 | M13: 0 | N13: 270 | O13: 272 | P13: 281 | Q13: 270 | R13: 324 | S13: 360 | T13: 372 | U13: 336
E14: Output/H | F14: =SUM(F13:F13)/8 -> 0 | G14: =SUM(G13:G13)/8 -> 0 | H14: =H13/8 -> 0 | I14: =I13/8 -> 0 | J14: =J13/8 -> 105 | K14: =K13/8 -> 14.125 | L14: =SUM(L13:L13)/8 -> 20.125 | M14: =M13/8 -> 0 | N14: =N13/8 -> 33.75 | O14: =O13/8 -> 34 | P14: =P13/9 -> 31.222222 | Q14: =Q13/9 -> 30 | R14: =R13/8 -> 40.5 | S14: =S13/8 -> 45 | T14: =T13/9 -> 41.333333 | U14: =U13/9 -> 37.333333 | V14: =V13/9 -> 0 | W14: =+W13/9 -> 0 | X14: =+X13/8 -> 0 | Y14: =Y13/8 -> 0 | Z14: =Z13/8 -> 0 | AA14: =AA13/9 -> 0 | AB14: =AB13/9 -> 0 | AC14: =AC13/9 -> 0 | AD14: =AD13/9 -> 0 | AE14: =AE13/9 -> 0 | AF14: =AF13/9 -> 0 | AG14: =AG13/9 -> 0 | AH14: =AH13/7 -> 0 | AI14: =AI13/10 -> 0 | AJ14: =AJ13/10 -> 0 | AK14: =AK13/9 -> 0 | AL14: =AL13/7 -> 0 | AM14: =AM13/10 -> 0 | AN14: =AN13/10 -> 0 | AO14: =AO13/10 -> 0 | AP14: =AP13/10 -> 0 | AQ14: =AQ13/10 -> 0 | AR14: =AR13/7 -> 0 | AS14: =AS13/10 -> 0 | AT14: =AT13/10 -> 0 | AU14: =AU13/10 -> 0 | AV14: =AV13/10 -> 0 | AW14: =AW13/10 -> 0 | AX14: =AX13/10 -> 0 | AY14: =AY13/10 -> 0 | AZ14: =AZ13/10 -> 0 | ... BI14: =BI13/10 -> 0 | BJ14: =BJ13/11 -> 0 | BK14: =BK13/11 -> 0 | BL14: =BL13/10 -> 0 | BM14: =BM13/10 -> 0 | BN14: =BN13/10 -> 0 | BO14: =BO13/10 -> 0
B15: Assembly | E15: =E9 -> Output/Day | F15: 0 | G15: 0 | H15: 0 | I15: 0 | J15: 0 | K15: 0 | L15: 0 | M15: 0 | T15: 119 | U15: 534
E16: Output/H | F16: =SUM(F15:F15)/8 -> 0 | G16: =SUM(G15:G15)/8 -> 0 | H16: =SUM(H15:H15)/8 -> 0 | I16: =I15/8 -> 0 | J16: =J15/8 -> 0 | K16: =K15/8 -> 0 | L16: =SUM(L15:L15)/8 -> 0 | M16: =SUM(M15:M15)/8 -> 0 | N16: =N15/8 -> 0 | O16: =O15/8 -> 0 | P16: =P15/8 -> 0 | Q16: =Q15/8 -> 0 | R16: =R15/8 -> 0 | S16: =S15/8 -> 0 | T16: =T15/8 -> 14.875 | U16: =U15/8 -> 66.75 | ... BO16: =BO15/8 -> 0
B17: TARGET RUMP UP LEAN | F17: 12 | G17: 12 | H17: 12 | I17: 12 | J17: 12 | K17: 24 | L17: 24 | M17: 24 | N17: 24 | O17: 24 | P17: 48 | Q17: 48 | R17: 48 | S17: 48 | T17: 48 | U17: 60 | V17: 60 | W17: 60 | X17: 60 | Y17: 60 | Z17: 72 | AA17: 72 | AB17: 72 | AC17: 72 | AD17: 72 | AE17: 84 | AF17: 84 | AG17: 84 | AH17: 84 | AI17: 84 | AJ17: 84 | AK17: 108 | AL17: 108 | AM17: 108 | AN17: 108 | AO17: 108 | AP17: 120 | AQ17: 120 | AR17: 120 | AS17: 120 | AT17: 120 | AU17: 120 | AV17: 120 | AW17: 120 | AX17: 120 | AY17: 120 | AZ17: 120 | BA17: 120 | BB17: 120 | BC17: 120 | BD17: 120 | BE17: 120 | BF17: 120 | BG17: 120 | BH17: 120 | BI17: 120 | BJ17: 120 | BK17: 120 | BL17: 120 | BM17: 120 | BN17: 120 | BO17: 120

Sheet Cell 10 603
B4: Model 603 | R4: Target : 120 Prs/H | BE4: Cell 10 | BG4: Target : 120 Prs/H
B6: Description | C6: MP | E6: MODEL | F6: Hari ke- | R6: Day
F7: 1 | G7: =1+F7 -> 2 | H7: =1+G7 -> 3 | I7: =1+H7 -> 4 | J7: =1+I7 -> 5 | K7: =1+J7 -> 6 | L7: =1+K7 -> 7 | M7: =1+L7 -> 8 | N7: =1+M7 -> 9 | ... CO7: =1+CN7 -> 88
C8: Std | D8: Act | F8: 46044 | G8: 46045 | H8: 46048 | I8: 46049 | J8: 46050 | K8: 46051 | L8: 46052 | M8: 46055 | N8: 46056 | O8: 46057 | P8: 46058 | Q8: 46059 | R8: 46062 | S8: 46063 | T8: 46064 | U8: 46065 | V8: 46066 | W8: 46069 | X8: 46070 | Y8: 46071 | Z8: 46072 | AA8: 46073 | AB8: 46074 | AC8: 46076 | AD8: 46077 | AE8: 46078 | AF8: 46079 | AG8: 46080 | AH8: 46081 | AI8: 46083 | AJ8: 46084 | AK8: 46085 | AL8: 46086 | AM8: 46087 | AN8: 46090 | AO8: 46091 | AP8: 46092 | AQ8: 46093 | AR8: 46094 | AS8: 46097 | AT8: 46098 | AU8: 46099 | AV8: 46106 | AW8: 46107 | AX8: 46108 | AY8: 46109 | AZ8: 46111 | BA8: 46112 | BB8: 46113 | BC8: 46114 | BD8: 46115 | BE8: 46116 | BF8: 46118 | BG8: 46119 | BH8: 46120 | BI8: 46121 | BJ8: 46122 | BK8: 46123 | BL8: 46125 | BM8: 46126 | BN8: 46127 | BO8: 46128 | BP8: 46129 | BQ8: 46130 | BR8: 46132 | BS8: 46133 | BT8: 46134 | BU8: 46135 | BV8: 46136 | BW8: 46137 | BX8: 46138 | BY8: 46139 | BZ8: 46140 | CA8: 46141 | CB8: 46142 | CC8: 46143 | CD8: 46144 | CE8: 46145 | CF8: 46146 | CG8: 46147 | CH8: 46148 | CI8: 46149 | CJ8: 46150 | CK8: 46151 | CL8: 46152 | CM8: 46153 | CN8: 46154 | CO8: 46155
B9: Cutting+Prep | E9: Output/Day | F9: 561 | G9: 324 | H9: 0 | I9: 0 | J9: 246 | K9: 264 | L9: 0 | M9: 390 | N9: 150 | O9: 420 | P9: 528 | Q9: 552 | R9: 432 | S9: 516 | T9: 528 | U9: 240 | V9: 984 | W9: 1060 | X9: 410 | Y9: 590 | Z9: 916 | AA9: 822 | AB9: 762 | AC9: 1038 | AD9: 1032 | AE9: 960 | AF9: 780 | AG9: 540 | AH9: 168 | AI9: 636 | AJ9: 456 | AK9: 504 | AL9: 0 | AM9: 0 | AN9: 504 | AO9: 504 | AP9: 708 | AQ9: 910 | AR9: 0 | AS9: 720 | AT9: 708 | AU9: 516 | AV9: 504 | AW9: 738 | AX9: 702 | AY9: 1080 | AZ9: 804 | BA9: 834 | BB9: 912 | BC9: 504 | BD9: 894 | BE9: 1020 | BF9: 1122 | BG9: 1086 | BH9: 1104 | BI9: 972 | BJ9: 882 | BK9: 756 | BL9: 1044 | BM9: 1284 | BN9: 0 | BO9: 720 | BP9: 612 | BQ9: 1036 | BR9: 1308 | BS9: 870
E10: Output/H | F10: =F9/8 -> 70.125 | G10: =G9/8 -> 40.5 | H10: =H9/8 -> 0 | I10: =I9/8 -> 0 | J10: =J9/8 -> 30.75 | K10: =K9/8 -> 33 | L10: =SUM(L9:L9)/8 -> 0 | M10: =+M9/8 -> 48.75 | N10: =+N9/8 -> 18.75 | O10: =+O9/8 -> 52.5 | P10: =+P9/8 -> 66 | Q10: =+Q9/8 -> 69 | R10: =+R9/8 -> 54 | S10: =+S9/8 -> 64.5 | T10: =+T9/8 -> 66 | ... W10: =+W9/8 -> 132.5 | X10: =+X9/5 -> 82 | Y10: =+Y9/8 -> 73.75 | Z10: =+Z9/8 -> 114.5 | AA10: =+AA9/8 -> 102.75 | AB10: =+AB9/7 -> 108.85714 | AC10: =+AC9/9 -> 115.33333 | AD10: =+AD9/9 -> 114.66667 | AE10: =+AE9/9 -> 106.66667 | AF10: =+AF9/8 -> 97.5 | AG10: =+AG9/9 -> 60 | AH10: =+AH9/5 -> 33.6 | AI10: =+AI9/8 -> 79.5 | AJ10: =+AJ9/8 -> 57 | AK10: =+AK9/8 -> 63 | AL10: =+AL9/8 -> 0 | AM10: =+AM9/5 -> 0 | AN10: =+AN9/8 -> 63 | AO10: =+AO9/8 -> 63 | AP10: =+AP9/8 -> 88.5 | AQ10: =+AQ9/8 -> 113.75 | AR10: =+AR9/9 -> 0 | AS10: =+AS9/8 -> 90 | AT10: =+AT9/9 -> 78.666667 | AU10: =+AU9/8 -> 64.5 | AV10: =+AV9/8 -> 63 | AW10: =+AW9/8 -> 92.25 | AX10: =+AX9/8 -> 87.75 | AY10: =+AY9/7 -> 154.28571 | AZ10: =+AZ9/10 -> 80.4 | BA10: =+BA9/10 -> 83.4 | BB10: =+BB9/10 -> 91.2 | BC10: =+BC9/10 -> 50.4 | BD10: =+BD9/10 -> 89.4 | BE10: =+BE9/10 -> 102 | BF10: =+BF9/10 -> 112.2 | BG10: =+BG9/12 -> 90.5 | BH10: =+BH9/12 -> 92 | BI10: =+BI9/12 -> 81 | BJ10: =+BJ9/12 -> 73.5 | BK10: =+BK9/8 -> 94.5 | BL10: =+BL9/11 -> 94.909091 | BM10: =+BM9/11 -> 116.72727 | BN10: =+BN9/11 -> 0 | BO10: =+BO9/11 -> 65.454545 | BP10: =+BP9/12 -> 51 | BQ10: =+BQ9/12 -> 86.333333 | BR10: =+BR9/12 -> 109 | BS10: =+BS9/12 -> 72.5 | BT10: =+BT9/12 -> 0 | BU10: =+BU9/12 -> 0 | BV10: =+BV9/12 -> 0 | BW10: =+BW9/12 -> 0 | ... CO10: =+CO9/12 -> 0
B11: Comshare | E11: =E9 -> Output/Day | G11: 162 | H11: 198 | J11: 218 | K11: 246 | L11: 165 | M11: 285 | N11: 276 | O11: 224 | P11: 339 | Q11: 333 | R11: 432 | S11: 525 | T11: 462 | U11: 450 | V11: 354 | W11: 435 | X11: 336 | Y11: 426 | Z11: 615 | AA11: 636 | AB11: 343 | AC11: 528 | AD11: 507 | AE11: 504 | AF11: 738 | AG11: 540 | AH11: 0 | AI11: 750 | AJ11: 777 | AK11: 528 | AL11: 550 | AM11: 636 | AN11: 510 | AO11: 477 | AP11: 550 | AQ11: 555 | AR11: 448 | AS11: 576 | AT11: 720 | AU11: 648 | AV11: 618 | AW11: 651 | AX11: 600 | AY11: 684 | AZ11: 694 | BA11: 738 | BB11: 702 | BC11: 624 | BD11: 788 | BE11: 689 | BF11: 664 | BG11: 720 | BH11: 775 | BI11: 679 | BJ11: 894 | BK11: 563 | BL11: 745 | BM11: 738 | BN11: 574 | BO11: 754 | BP11: 648 | BQ11: 635 | BR11: 764 | BS11: 1680
E12: Output/H | F12: =F11/8 -> 0 | G12: =G11/8 -> 20.25 | H12: =H11/8 -> 24.75 | I12: =I11/8 -> 0 | J12: =J11/8 -> 27.25 | K12: =K11/8 -> 30.75 | L12: =+L11/8 -> 20.625 | M12: =+M11/8 -> 35.625 | N12: =+N11/8 -> 34.5 | O12: =+O11/8 -> 28 | P12: =+P11/8 -> 42.375 | Q12: =+Q11/8 -> 41.625 | R12: =+R11/8 -> 54 | S12: =+S11/9 -> 58.333333 | T12: =+T11/9 -> 51.333333 | U12: =+U11/9 -> 50 | V12: =+V11/9 -> 39.333333 | W12: =+W11/9 -> 48.333333 | X12: =+X11/7 -> 48 | Y12: =+Y11/9 -> 47.333333 | Z12: =+Z11/10 -> 61.5 | AA12: =+AA11/9 -> 70.666667 | AB12: =+AB11/7 -> 49 | AC12: =+AC11/10 -> 52.8 | AD12: =+AD11/10 -> 50.7 | AE12: =+AE11/10 -> 50.4 | AF12: =+AF11/10 -> 73.8 | AG12: =+AG11/10 -> 54 | AH12: =+AH11/8 -> 0 | AI12: =+AI11/10 -> 75 | AJ12: =+AJ11/10 -> 77.7 | AK12: =+AK11/8 -> 66 | AL12: =+AL11/8 -> 68.75 | AM12: =+AM11/10 -> 63.6 | AN12: =+AN11/9 -> 56.666667 | AO12: =+AO11/10 -> 47.7 | AP12: =+AP11/10 -> 55 | AQ12: =+AQ11/10 -> 55.5 | AR12: =+AR11/10 -> 44.8 | AS12: =+AS11/10 -> 57.6 | AT12: =+AT11/10 -> 72 | AU12: =+AU11/10 -> 64.8 | AV12: =+AV11/10 -> 61.8 | ... AY12: =+AY11/10 -> 68.4 | AZ12: =+AZ11/11 -> 63.090909 | BA12: =+BA11/11 -> 67.090909 | BB12: =+BB11/11 -> 63.818182 | BC12: =+BC11/11 -> 56.727273 | BD12: =+BD11/11 -> 71.636364 | BE12: =+BE11/11 -> 62.636364 | BF12: =+BF11/11 -> 60.363636 | BG12: =+BG11/12 -> 60 | BH12: =+BH11/12 -> 64.583333 | BI12: =+BI11/12 -> 56.583333 | BJ12: =+BJ11/12 -> 74.5 | BK12: =+BK11/10 -> 56.3 | BL12: =+BL11/12 -> 62.083333 | BM12: =+BM11/12 -> 61.5 | BN12: =+BN11/12 -> 47.833333 | BO12: =+BO11/12 -> 62.833333 | BP12: =+BP11/12 -> 54 | BQ12: =+BQ11/12 -> 52.916667 | BR12: =+BR11/12 -> 63.666667 | BS12: =+BS11/12 -> 140 | ... CO12: =+CO11/12 -> 0
B13: Sewing | E13: =E9 -> Output/Day | G13: 48 | H13: 174 | J13: 301 | K13: 272 | L13: 300 | M13: 332 | N13: 240 | O13: 480 | P13: 480 | Q13: 240 | R13: 402 | S13: 481 | T13: 510 | U13: 504 | V13: 354 | W13: 426 | X13: 300 | Y13: 600 | Z13: 660 | AA13: 540 | AB13: 402 | AC13: 702 | AD13: 703 | AE13: 578 | AF13: 730 | AG13: 702 | AH13: 420 | AI13: 804 | AJ13: 674 | AK13: 702 | AL13: 702 | AM13: 660 | AN13: 660 | AO13: 600 | AP13: 504 | AQ13: 607 | AR13: 504 | AS13: 702 | AT13: 786 | AU13: 702 | AV13: 630 | AW13: 708 | AX13: 768 | AY13: 852 | AZ13: 852 | BA13: 900 | BB13: 900 | BC13: 900 | BD13: 840 | BE13: 864 | BF13: 880 | BG13: 840 | BH13: 852 | BI13: 900 | BJ13: 900 | BK13: 804 | BL13: 900 | BM13: 900 | BN13: 864 | BO13: 840 | BP13: 840 | BQ13: 864 | BR13: 900 | BS13: 960
E14: Output/H | F14: =F13/8 -> 0 | G14: =G13/8 -> 6 | H14: =H13/8 -> 21.75 | I14: =I13/8 -> 0 | J14: =J13/8 -> 37.625 | K14: =K13/8 -> 34 | L14: =+L13/8 -> 37.5 | M14: =+M13/8 -> 41.5 | N14: =+N13/8 -> 30 | O14: =+O13/8 -> 60 | P14: =+P13/8 -> 60 | Q14: =+Q13/8 -> 30 | R14: =+R13/8 -> 50.25 | S14: =+S13/9 -> 53.444444 | T14: =+T13/9 -> 56.666667 | U14: =+U13/9 -> 56 | V14: =+V13/9 -> 39.333333 | W14: =+W13/9 -> 47.333333 | X14: =+X13/7 -> 42.857143 | Y14: =+Y13/10 -> 60 | Z14: =+Z13/10 -> 66 | AA14: =+AA13/9 -> 60 | AB14: =+AB13/7 -> 57.428571 | AC14: =+AC13/10 -> 70.2 | AD14: =+AD13/10 -> 70.3 | AE14: =+AE13/10 -> 57.8 | AF14: =+AF13/10 -> 73 | AG14: =+AG13/10 -> 70.2 | AH14: =+AH13/7 -> 60 | AI14: =+AI13/10 -> 80.4 | AJ14: =+AJ13/10 -> 67.4 | AK14: =+AK13/10 -> 70.2 | AL14: =+AL13/10 -> 70.2 | AM14: =+AM13/10 -> 66 | AN14: =+AN13/10 -> 66 | AO14: =+AO13/10 -> 60 | AP14: =+AP13/10 -> 50.4 | ... AY14: =+AY13/10 -> 85.2 | AZ14: =+AZ13/11 -> 77.454545 | BA14: =+BA13/11 -> 81.818182 | BB14: =+BB13/11 -> 81.818182 | BC14: =+BC13/11 -> 81.818182 | BD14: =+BD13/11 -> 76.363636 | BE14: =+BE13/11 -> 78.545455 | BF14: =+BF13/11 -> 80 | BG14: =+BG13/12 -> 70 | BH14: =+BH13/12 -> 71 | BI14: =+BI13/12 -> 75 | BJ14: =+BJ13/12 -> 75 | BK14: =+BK13/10 -> 80.4 | BL14: =+BL13/12 -> 75 | BM14: =+BM13/12 -> 75 | BN14: =+BN13/12 -> 72 | BO14: =+BO13/12 -> 70 | BP14: =+BP13/12 -> 70 | BQ14: =+BQ13/12 -> 72 | BR14: =+BR13/12 -> 75 | BS14: =+BS13/12 -> 80 | ... CO14: =+CO13/12 -> 0
B15: Assembly | E15: =E11 -> Output/Day | G15: 48 | H15: 174 | J15: 301 | K15: 272 | L15: 300 | M15: 332 | N15: 240 | O15: 480 | P15: 480 | Q15: 240 | R15: 0 | S15: 0 | T15: 0 | U15: 0 | V15: 0 | W15: 0 | X15: 0 | Y15: 0 | Z15: 164 | AA15: 615 | AB15: 0 | AC15: 835 | AD15: 875 | AE15: 900 | AF15: 950 | AG15: 940 | AH15: 600 | AI15: 1060 | AJ15: 1050 | AK15: 1025 | AL15: 1080 | AM15: 1050 | AN15: 840 | AO15: 870 | AP15: 830 | AQ15: 862 | AR15: 930 | AS15: 950 | AT15: 850 | AU15: 1000 | AV15: 836 | AW15: 740 | AX15: 1050 | AY15: 674 | AZ15: 863 | BA15: 855 | BB15: 845 | BC15: 935 | BD15: 760 | BE15: 760 | BF15: 770 | BG15: 803 | BH15: 815 | BI15: 580 | BJ15: 800 | BK15: 0 | BL15: 1000 | BM15: 800 | BN15: 1080 | BO15: 780 | BP15: 480 | BQ15: 631 | BR15: 950 | BS15: 1160
E16: Output/H | F16: =F15/8 -> 0 | G16: =G15/8 -> 6 | H16: =H15/8 -> 21.75 | I16: =I15/8 -> 0 | J16: =J15/8 -> 37.625 | K16: =K15/8 -> 34 | L16: =+L15/8 -> 37.5 | M16: =+M15/8 -> 41.5 | N16: =+N15/8 -> 30 | O16: =+O15/8 -> 60 | P16: =+P15/8 -> 60 | Q16: =+Q15/8 -> 30 | R16: =+R15/8 -> 0 | S16: =+S15/9 -> 0 | T16: =+T15/9 -> 0 | U16: =+U15/9 -> 0 | V16: =+V15/9 -> 0 | W16: =+W15/9 -> 0 | X16: =+X15/7 -> 0 | Y16: =+Y15/10 -> 0 | Z16: =+Z15/10 -> 16.4 | AA16: =+AA15/9 -> 68.333333 | AB16: =+AB15/7 -> 0 | AC16: =+AC15/9 -> 92.777778 | AD16: =+AD15/9 -> 97.222222 | AE16: =+AE15/9 -> 100 | AF16: =+AF15/9 -> 105.55556 | AG16: =+AG15/9 -> 104.44444 | AH16: =+AH15/5 -> 120 | AI16: =+AI15/9 -> 117.77778 | AJ16: =+AJ15/9 -> 116.66667 | AK16: =+AK15/9 -> 113.88889 | AL16: =+AL15/9 -> 120 | AM16: =+AM15/10 -> 105 | AN16: =+AN15/10 -> 84 | AO16: =+AO15/9 -> 96.666667 | AP16: =+AP15/9 -> 92.222222 | AQ16: =+AQ15/9 -> 95.777778 | AR16: =+AR15/9 -> 103.33333 | AS16: =+AS15/9 -> 105.55556 | AT16: =+AT15/9 -> 94.444444 | AU16: =+AU15/9 -> 111.11111 | AV16: =+AV15/9 -> 92.888889 | ... AX16: =+AX15/9 -> 116.66667 | AY16: =+AY15/7 -> 96.285714 | AZ16: =+AZ15/12 -> 71.916667 | BA16: =+BA15/11 -> 77.727273 | BB16: =+BB15/11 -> 76.818182 | BC16: =+BC15/11 -> 85 | BD16: =+BD15/11 -> 69.090909 | BE16: =+BE15/11 -> 69.090909 | BF16: =+BF15/11 -> 70 | BG16: =+BG15/11 -> 73 | BH16: =+BH15/12 -> 67.916667 | BI16: =+BI15/10 -> 58 | BJ16: =+BJ15/11 -> 72.727273 | BK16: =+BK15/11 -> 0 | BL16: =+BL15/11 -> 90.909091 | BM16: =+BM15/10 -> 80 | BN16: =+BN15/10 -> 108 | BO16: =+BO15/10 -> 78 | BP16: =+BP15/11 -> 43.636364 | BQ16: =+BQ15/11 -> 57.363636 | BR16: =+BR15/11 -> 86.363636 | BS16: =+BS15/11 -> 105.45455 | BT16: =+BT15/11 -> 0 | BU16: =+BU15/11 -> 0 | BV16: =+BV15/11 -> 0 | BW16: =+BW15/11 -> 0 | ... CO16: =+CO15/11 -> 0
B17: TARGET RAMP UP LEAN | F17: 12 | G17: 12 | H17: 12 | I17: 12 | J17: 12 | K17: 24 | L17: 24 | M17: 24 | N17: 24 | O17: 24 | P17: 24 | Q17: 48 | R17: 48 | S17: 48 | T17: 48 | U17: 48 | V17: 60 | W17: 60 | X17: 60 | Y17: 60 | Z17: 60 | AA17: 72 | AB17: 72 | AC17: 72 | AD17: 72 | AE17: 72 | AF17: 84 | AG17: 84 | AH17: 84 | AI17: 84 | AJ17: 84 | AK17: 96 | AL17: 96 | AM17: 96 | AN17: 96 | AO17: 96 | AP17: 108 | AQ17: 108 | AR17: 108 | AS17: 108 | AT17: 108 | AU17: 120 | AV17: 120 | AW17: 120 | AX17: 120 | AY17: 120 | AZ17: 120 | BA17: 120 | BB17: 120 | BC17: 120 | BD17: 120 | BE17: 120 | BF17: 120 | BG17: 120 | BH17: 120 | BI17: 120 | BJ17: 120 | BK17: 120 | BL17: 120 | BM17: 120 | BN17: 120 | BO17: 120 | BP17: 120 | BQ17: 120 | BR17: 120 | BS17: 120 | BT17: 120 | BU17: 120 | BV17: 120 | BW17: 120 | BX17: 120 | BY17: 120 | BZ17: 120 | CA17: 120 | CB17: 120 | CC17: 120 | CD17: 120 | CE17: 120 | CF17: 120 | CG17: 120 | CH17: 120 | CI17: 120 | CJ17: 120 | CK17: 120 | CL17: 120 | CM17: 120 | CN17: 120 | CO17: 120

Sheet Cell 11 603
B4: Model 603 | F4: Target : 120 Prs/H | U4: Cell 11 | Z4: Target : 120 Prs/H | AO4: Cell 11
B6: Description | C6: MP | E6: MODEL | F6: Day
F7: 1 | G7: =1+F7 -> 2 | H7: =1+G7 -> 3 | I7: =1+H7 -> 4 | J7: =1+I7 -> 5 | K7: =1+J7 -> 6 | L7: =1+K7 -> 7 | M7: =1+L7 -> 8 | N7: =1+M7 -> 9 | ... AS7: =1+AR7 -> 40 | AT7: =1+Y7 -> 21 | AU7: =1+AT7 -> 22 | AV7: =1+AU7 -> 23 | AW7: =1+AV7 -> 24 | AX7: =1+AW7 -> 25 | AY7: =1+AX7 -> 26 | AZ7: =1+AY7 -> 27 | BA7: =1+AZ7 -> 28 | BB7: =1+BA7 -> 29 | ... BK7: =1+BJ7 -> 38
C8: Std | D8: Act | F8: 46084 | G8: 46085 | H8: 46086 | I8: 46087 | J8: 46090 | K8: 46091 | L8: 46092 | M8: 46093 | N8: 46094 | O8: 46097 | P8: 46098 | Q8: 46099 | R8: 46106 | S8: 46107 | T8: 46108 | U8: 46109 | V8: 46111 | W8: 46112 | X8: 46113 | Y8: 46114 | Z8: 46115 | AA8: 46116 | AB8: 46118 | AC8: 46119 | AD8: 46120 | AE8: 46121 | AF8: 46122 | AG8: 46123 | AH8: 46125 | AI8: 46126 | AJ8: 46127 | AK8: 46128 | AL8: 46129 | AM8: 46130 | AN8: 46132 | AO8: 46133 | AP8: 46134 | AQ8: 46135 | AR8: 46136 | AS8: 46137 | AT8: 46137 | AU8: 46138 | AV8: 46139 | AW8: 46140 | AX8: 46141 | AY8: 46142 | AZ8: 46143 | BA8: 46144 | BB8: 46145 | BC8: 46146 | BD8: 46147 | BE8: 46148 | BF8: 46149 | BG8: 46150 | BH8: 46151 | BI8: 46152 | BJ8: 46153 | BK8: 46154
B9: Cutting | E9: Output/Day | S9: 774 | T9: 864 | U9: 1080 | V9: 1044 | W9: 960 | X9: 954 | Y9: 624 | Z9: 1126 | AA9: 804 | AB9: 222 | AC9: 948 | AD9: 1032 | AE9: 1002 | AF9: 1128 | AG9: 660 | AH9: 924 | AI9: 1080 | AJ9: 0 | AK9: 1656 | AL9: 1206 | AM9: 720 | AN9: 1266 | AO9: 1680
E10: Output/H | S10: =+S9/10 -> 77.4 | T10: =+T9/10 -> 86.4 | U10: =+U9/10 -> 108 | V10: =+V9/10 -> 104.4 | W10: =+W9/10 -> 96 | X10: =+X9/10 -> 95.4 | Y10: =+Y9/10 -> 62.4 | Z10: =+Z9/10 -> 112.6 | ... AB10: =+AB9/10 -> 22.2 | AC10: =+AC9/12 -> 79 | AD10: =+AD9/12 -> 86 | AE10: =+AE9/12 -> 83.5 | AF10: =+AF9/10 -> 112.8 | AG10: =+AG9/8 -> 82.5 | AH10: =+AH9/11 -> 84 | AI10: =+AI9/11 -> 98.181818 | AJ10: =+AJ9/11 -> 0 | AK10: =+AK9/11 -> 150.54545 | AL10: =+AL9/10 -> 120.6 | AM10: =+AM9/10 -> 72 | AN10: =+AN9/10 -> 126.6 | AO10: =+AO9/10 -> 168 | AP10: =+AP9/10 -> 0 | AQ10: =+AQ9/10 -> 0 | AR10: =+AR9/10 -> 0 | AS10: =+AS9/10 -> 0
B11: Comshare | E11: Output/Day | S11: 688 | T11: 810 | U11: 842 | V11: 1008 | W11: 972 | X11: 906 | Y11: 582 | Z11: 870 | AA11: 762 | AB11: 624 | AC11: 816 | AD11: 856 | AE11: 792 | AF11: 822 | AG11: 744 | AH11: 660 | AI11: 780 | AJ11: 900 | AK11: 870 | AL11: 750 | AM11: 702 | AN11: 1227 | AO11: 1218
E12: Output/H | S12: =+S11/12 -> 57.333333 | T12: =+T11/12 -> 67.5 | U12: =+U11/12 -> 70.166667 | V12: =+V11/12 -> 84 | W12: =+W11/12 -> 81 | X12: =+X11/12 -> 75.5 | Y12: =+Y11/12 -> 48.5 | Z12: =+Z11/12 -> 72.5 | ... AF12: =+AF11/12 -> 68.5 | AG12: =+AG11/10 -> 74.4 | AH12: =+AH11/12 -> 55 | AI12: =+AI11/12 -> 65 | AJ12: =+AJ11/12 -> 75 | AK12: =+AK11/12 -> 72.5 | AL12: =+AL11/12 -> 62.5 | AM12: =+AM11/12 -> 58.5 | AN12: =+AN11/12 -> 102.25 | AO12: =+AO11/12 -> 101.5 | ... AS12: =+AS11/12 -> 0
B13: Sewing | E13: Output/Day | F13: 54 | G13: 234 | H13: 540 | I13: 300 | J13: 432 | K13: 366 | L13: 420 | M13: 540 | N13: 480 | O13: 546 | P13: 600 | Q13: 707 | R13: 576 | S13: 630 | T13: 768 | U13: 840 | V13: 882 | W13: 840 | X13: 882 | Y13: 582 | Z13: 804 | AA13: 810 | AB13: 702 | AC13: 888 | AD13: 840 | AE13: 882 | AF13: 840 | AG13: 804 | AH13: 756 | AI13: 846 | AJ13: 900 | AK13: 900 | AL13: 702 | AM13: 738 | AN13: 950 | AO13: 1100
E14: Output/H | F14: =F13/8 -> 6.75 | G14: =G13/8 -> 29.25 | H14: =H13/8 -> 67.5 | I14: =I13/8 -> 37.5 | J14: =J13/8 -> 54 | K14: =K13/8 -> 45.75 | L14: =L13/9 -> 46.666667 | M14: =M13/8 -> 67.5 | N14: =N13/8 -> 60 | O14: =O13/8 -> 68.25 | P14: =P13/8 -> 75 | Q14: =Q13/8 -> 88.375 | R14: =R13/8 -> 72 | S14: =S13/12 -> 52.5 | T14: =T13/12 -> 64 | U14: =U13/12 -> 70 | V14: =V13/12 -> 73.5 | W14: =W13/12 -> 70 | X14: =X13/12 -> 73.5 | Y14: =Y13/12 -> 48.5 | Z14: =Z13/12 -> 67 | ... AF14: =AF13/12 -> 70 | AG14: =AG13/10 -> 80.4 | AH14: =AH13/12 -> 63 | AI14: =AI13/12 -> 70.5 | AJ14: =AJ13/12 -> 75 | AK14: =AK13/12 -> 75 | AL14: =AL13/12 -> 58.5 | AM14: =AM13/12 -> 61.5 | AN14: =AN13/12 -> 79.166667 | AO14: =AO13/12 -> 91.666667 | ... AS14: =AS13/12 -> 0 | AT14: =AT13/8 -> 0 | AU14: =AU13/8 -> 0 | AV14: =AV13/8 -> 0 | AW14: =AW13/8 -> 0 | AX14: =AX13/8 -> 0 | AY14: =AY13/8 -> 0 | AZ14: =AZ13/8 -> 0 | BA14: =BA13/8 -> 0 | ... BL14: =BL13/8 -> 0
B15: Assembly | E15: Output/Day | R15: 203 | S15: 725 | T15: 690 | U15: 406 | V15: 886 | W15: 1084 | X15: 965 | Y15: 924 | Z15: 511 | AA15: 511 | AB15: 718 | AC15: 1389 | AD15: 1077 | AE15: 818 | AF15: 983 | AG15: 820 | AH15: 1109 | AI15: 872 | AJ15: 1096 | AK15: 1031 | AL15: 497 | AM15: 610 | AN15: 800 | AO15: 1110
E16: Output/H | F16: =F15/8 -> 0 | G16: =G15/8 -> 0 | H16: =H15/8 -> 0 | I16: =I15/8 -> 0 | J16: =J15/8 -> 0 | K16: =K15/8 -> 0 | L16: =+L15/8 -> 0 | M16: =+M15/8 -> 0 | N16: =+N15/8 -> 0 | O16: =+O15/8 -> 0 | P16: =+P15/8 -> 0 | Q16: =+Q15/8 -> 0 | R16: =+R15/8 -> 25.375 | S16: =+S15/10 -> 72.5 | T16: =+T15/10 -> 69 | U16: =+U15/10 -> 40.6 | V16: =+V15/10 -> 88.6 | W16: =+W15/10 -> 108.4 | X16: =+X15/10 -> 96.5 | Y16: =+Y15/10 -> 92.4 | Z16: =+Z15/10 -> 51.1 | ... AB16: =+AB15/10 -> 71.8 | AC16: =AC15/10 -> 138.9 | AD16: =AD15/11 -> 97.909091 | AE16: =AE15/11 -> 74.363636 | AF16: =AF15/10 -> 98.3 | AG16: =AG15/9 -> 91.111111 | AH16: =AH15/11 -> 100.81818 | AI16: =AI15/10 -> 87.2 | AJ16: =AJ15/10 -> 109.6 | AK16: =AK15/10 -> 103.1 | AL16: =AL15/10 -> 49.7 | AM16: =AM15/10 -> 61 | AN16: =AN15/10 -> 80 | AO16: =AO15/10 -> 111 | AP16: =AP15/10 -> 0 | ... AS16: =AS15/10 -> 0 | AT16: =+AT15/10 -> 0 | AU16: =+AU15/9 -> 0 | AV16: =+AV15/7 -> 0 | AW16: =+AW15/9 -> 0 | AX16: =+AX15/9 -> 0 | AY16: =+AY15/9 -> 0 | AZ16: =+AZ15/9 -> 0 | BA16: =+BA15/9 -> 0 | BB16: =+BB15/5 -> 0 | BC16: =+BC15/9 -> 0 | BD16: =+BD15/9 -> 0 | BE16: =+BE15/9 -> 0 | BF16: =+BF15/9 -> 0 | BG16: =+BG15/10 -> 0 | BH16: =+BH15/10 -> 0 | BI16: =+BI15/9 -> 0 | BJ16: =+BJ15/9 -> 0 | BK16: =+BK15/9 -> 0 | BL16: =+BL15/9 -> 0
B17: TARGET RAMP UP LEAN | F17: 12 | G17: 12 | H17: 12 | I17: 12 | J17: 12 | K17: 24 | L17: 24 | M17: 24 | N17: 24 | O17: 24 | P17: 36 | Q17: 36 | R17: 36 | S17: 36 | T17: 36 | U17: 48 | V17: 48 | W17: 48 | X17: 48 | Y17: 48 | Z17: 60 | AA17: 60 | AB17: 60 | AC17: 60 | AD17: 60 | AE17: 72 | AF17: 72 | AG17: 72 | AH17: 72 | AI17: 72 | AJ17: 84 | AK17: 84 | AL17: 84 | AM17: 84 | AN17: 84 | AO17: 96 | AP17: 96 | AQ17: 96 | AR17: 96 | AS17: 96

Sheet Cell 5 CS Shift 2
B4: Model 603 | F4: Target : 120 Prs/H | W4: Cell 5 Shift 2
B6: Description | C6: MP | E6: MODEL | F6: Day
F7: 1 | G7: =1+F7 -> 2 | H7: =1+G7 -> 3 | I7: =1+H7 -> 4 | J7: =1+I7 -> 5 | K7: =1+J7 -> 6 | L7: =1+K7 -> 7 | M7: =1+L7 -> 8 | N7: =1+M7 -> 9 | ... AQ7: =1+AP7 -> 38
C8: Std | D8: Act | F8: 46063 | G8: 46064 | H8: 46065 | I8: 46066 | J8: 46069 | K8: 46070 | L8: 46071 | M8: 46072 | N8: 46073 | O8: 46074 | P8: 46076 | Q8: 46077 | R8: 46078 | S8: 46079 | T8: 46080 | U8: 46081 | V8: 46083 | W8: 46084 | X8: 46085 | Y8: 46086 | Z8: 46087 | AA8: 46088 | AB8: 46089 | AC8: 46090 | AD8: 46091 | AE8: 46092 | AF8: 46093 | AG8: 46094 | AH8: 46095 | AI8: 46096 | AJ8: 46097 | AK8: 46098 | AL8: 46099 | AM8: 46100 | AN8: 46101 | AO8: 46102 | AP8: 46103 | AQ8: 46104
B9: Computer Stitching | E9: Output/Day | F9: 258 | G9: 234 | H9: 360 | I9: 450 | J9: 437 | K9: 317 | L9: 409 | M9: 102 | N9: 450 | O9: 342 | P9: 366 | Q9: 438 | R9: 360 | S9: 480 | T9: 397 | U9: 397 | V9: 466 | W9: 342 | X9: 324 | Y9: 306
E10: Output/H | F10: =F9/8 -> 32.25 | G10: =G9/8 -> 29.25 | H10: =H9/8 -> 45 | I10: =I9/8 -> 56.25 | J10: =J9/8 -> 54.625 | K10: =K9/8 -> 39.625 | L10: =SUM(L9:L9)/8 -> 51.125 | M10: =+M9/8 -> 12.75 | N10: =+N9/8 -> 56.25 | O10: =+O9/8 -> 42.75 | P10: =+P9/8 -> 45.75 | Q10: =+Q9/8 -> 54.75 | R10: =+R9/8 -> 45 | S10: =+S9/8 -> 60 | T10: =+T9/8 -> 49.625 | U10: =+U9/7 -> 56.714286 | V10: =+V9/8 -> 58.25 | W10: =+W9/8 -> 42.75 | X10: =+X9/8 -> 40.5 | Y10: =+Y9/8 -> 38.25 | Z10: =Z9/8 -> 0 | AA10: =AA9/8 -> 0 | AB10: =AB9/8 -> 0 | AC10: =AC9/8 -> 0 | AD10: =AD9/8 -> 0 | AE10: =SUM(AE9:AE9)/8 -> 0 | AF10: =+AF9/8 -> 0 | AG10: =+AG9/8 -> 0 | AH10: =+AH9/8 -> 0 | AI10: =+AI9/8 -> 0 | AJ10: =+AJ9/8 -> 0 | AK10: =+AK9/8 -> 0 | AL10: =+AL9/8 -> 0 | AM10: =+AM9/8 -> 0 | ... AR10: =+AR9/8 -> 0
B11: TARGET RAMP UP LEAN | F11: 12 | G11: 12 | H11: 12 | I11: 12 | J11: 12 | K11: 24 | L11: 24 | M11: 24 | N11: 24 | O11: 24 | P11: 36 | Q11: 36 | R11: 36 | S11: 36 | T11: 36 | U11: 48 | V11: 48 | W11: 48 | X11: 48 | Y11: 48

Sheet Cell 7 CS Shift 2
B4: Model 204 | F4: Target : 120 Prs/H | X4: Cell 7 Shift 2
B6: Description | C6: MP | E6: MODEL | F6: Day
F7: 1 | G7: =1+F7 -> 2 | H7: =1+G7 -> 3 | I7: =1+H7 -> 4 | J7: =1+I7 -> 5 | K7: =1+J7 -> 6 | L7: =1+K7 -> 7 | M7: =1+L7 -> 8 | N7: =1+M7 -> 9 | ... AQ7: =1+AP7 -> 38
C8: Std | D8: Act | F8: 46063 | G8: 46064 | H8: 46065 | I8: 46066 | J8: 46069 | K8: 46070 | L8: 46071 | M8: 46072 | N8: 46073 | O8: 46074 | P8: 46076 | Q8: 46077 | R8: 46078 | S8: 46079 | T8: 46080 | U8: 46081 | V8: 46083 | W8: 46084 | X8: 46085 | Y8: 46086 | Z8: 46087 | AA8: 46088 | AB8: 46089 | AC8: 46090 | AD8: 46091 | AE8: 46092 | AF8: 46093 | AG8: 46094 | AH8: 46095 | AI8: 46096 | AJ8: 46097 | AK8: 46098 | AL8: 46099 | AM8: 46100 | AN8: 46101 | AO8: 46102 | AP8: 46103 | AQ8: 46104
B9: Computer Stitching | E9: Output/Day | F9: 192 | G9: 420 | H9: 426 | I9: 274 | J9: 436 | K9: 480 | L9: 426 | M9: 204 | N9: 440 | O9: 410 | P9: 408 | Q9: 432 | R9: 426 | S9: 492 | T9: 568 | U9: 330 | V9: 446 | W9: 426 | X9: 312 | Y9: 432
E10: Output/H | F10: =F9/8 -> 24 | G10: =G9/8 -> 52.5 | H10: =H9/8 -> 53.25 | I10: =I9/8 -> 34.25 | J10: =J9/8 -> 54.5 | K10: =K9/8 -> 60 | L10: =SUM(L9:L9)/8 -> 53.25 | M10: =+M9/8 -> 25.5 | N10: =+N9/8 -> 55 | O10: =+O9/8 -> 51.25 | P10: =+P9/8 -> 51 | Q10: =+Q9/8 -> 54 | R10: =+R9/8 -> 53.25 | S10: =+S9/8 -> 61.5 | T10: =+T9/8 -> 71 | U10: =+U9/7 -> 47.142857 | V10: =+V9/8 -> 55.75 | W10: =+W9/8 -> 53.25 | X10: =+X9/8 -> 39 | Y10: =+Y9/8 -> 54 | Z10: =Z9/8 -> 0 | AA10: =AA9/8 -> 0 | AB10: =AB9/8 -> 0 | AC10: =AC9/8 -> 0 | AD10: =AD9/8 -> 0 | AE10: =SUM(AE9:AE9)/8 -> 0 | AF10: =+AF9/8 -> 0 | AG10: =+AG9/8 -> 0 | AH10: =+AH9/8 -> 0 | AI10: =+AI9/8 -> 0 | AJ10: =+AJ9/8 -> 0 | AK10: =+AK9/8 -> 0 | AL10: =+AL9/8 -> 0 | AM10: =+AM9/8 -> 0 | ... AR10: =+AR9/8 -> 0
B11: TARGET RAMP UP LEAN | F11: 12 | G11: 12 | H11: 12 | I11: 12 | J11: 12 | K11: 24 | L11: 24 | M11: 24 | N11: 24 | O11: 24 | P11: 36 | Q11: 36 | R11: 36 | S11: 36 | T11: 36 | U11: 48 | V11: 48 | W11: 48 | X11: 48 | Y11: 48

Sheet Cell D6
B4: Model 603 | F4: Target : 120 Prs/H | R4: Cell 11 | AQ4: Target : 120 Prs/H
B6: Description | C6: MP | E6: MODEL | F6: Day
F7: 1 | G7: =1+F7 -> 2 | H7: =1+G7 -> 3 | I7: =1+H7 -> 4 | J7: =1+I7 -> 5 | K7: =1+J7 -> 6 | L7: =1+K7 -> 7 | M7: =1+L7 -> 8 | N7: =1+M7 -> 9 | ... AS7: =1+AR7 -> 40 | AT7: =1+Y7 -> 21 | AU7: =1+AT7 -> 22 | AV7: =1+AU7 -> 23 | AW7: =1+AV7 -> 24 | AX7: =1+AW7 -> 25 | AY7: =1+AX7 -> 26 | AZ7: =1+AY7 -> 27 | BA7: =1+AZ7 -> 28 | BB7: =1+BA7 -> 29 | ... BK7: =1+BJ7 -> 38
C8: Std | D8: Act | F8: 46084 | G8: 46085 | H8: 46086 | I8: 46087 | J8: 46090 | K8: 46091 | L8: 46092 | M8: 46093 | N8: 46094 | O8: 46097 | P8: 46098 | Q8: 46099 | R8: 46118 | S8: 46119 | T8: 46120 | U8: 46121 | V8: 46122 | W8: 46123 | X8: 46125 | Y8: 46126 | Z8: 46127 | AA8: 46128 | AB8: 46129 | AC8: 46130 | AD8: 46132 | AE8: 46133 | AF8: 46134 | AG8: 46135 | AH8: 46136 | AI8: 46137 | AJ8: 46138 | AK8: 46139 | AL8: 46140 | AM8: 46141 | AN8: 46142 | AO8: 46143 | AP8: 46144 | AQ8: 46145 | AR8: 46146 | AS8: 46147 | AT8: 46136 | AU8: 46137 | AV8: 46138 | AW8: 46139 | AX8: 46140 | AY8: 46141 | AZ8: 46142 | BA8: 46143 | BB8: 46144 | BC8: 46145 | BD8: 46146 | BE8: 46147 | BF8: 46148 | BG8: 46149 | BH8: 46150 | BI8: 46151 | BJ8: 46152 | BK8: 46153
B9: Cutting | E9: Output/Day
E10: Output/H | R10: =+R9/10 -> 0 | S10: =+S9/10 -> 0 | T10: =+T9/10 -> 0 | U10: =+U9/10 -> 0 | V10: =+V9/10 -> 0 | W10: =+W9/8 -> 0 | X10: =+X9/8 -> 0 | Y10: =+Y9/8 -> 0 | Z10: =+Z9/8 -> 0 | AA10: =+AA9/8 -> 0 | AB10: =+AB9/8 -> 0 | AC10: =+AC9/8 -> 0 | AD10: =+AD9/8 -> 0 | ... BK10: =+BK9/8 -> 0
B11: Comshare | E11: Output/Day | R11: 102 | S11: 0 | T11: 192 | U11: 246 | V11: 162 | W11: 102 | X11: 232 | Y11: 150 | Z11: 312 | AA11: 216 | AB11: 366 | AC11: 222 | AD11: 166 | AE11: 217
E12: Output/H | R12: =+R11/9 -> 11.333333 | S12: =+S11/9 -> 0 | T12: =+T11/9 -> 21.333333 | U12: =+U11/9 -> 27.333333 | V12: =+V11/9 -> 18 | W12: =+W11/9 -> 11.333333 | X12: =+X11/9 -> 25.777778 | Y12: =+Y11/9 -> 16.666667 | ... AA12: =+AA11/9 -> 24 | AB12: =+AB11/12 -> 30.5 | AC12: =+AC11/12 -> 18.5 | AD12: =+AD11/12 -> 13.833333 | AE12: =+AE11/12 -> 18.083333 | AF12: =+AF11/12 -> 0 | AG12: =+AG11/12 -> 0 | AH12: =+AH11/12 -> 0 | AI12: =+AI11/12 -> 0 | ... AS12: =+AS11/12 -> 0
B13: Sewing | E13: Output/Day | R13: 102 | S13: 96 | T13: 144 | U13: 240 | V13: 240 | W13: 204 | X13: 300 | Y13: 240 | Z13: 264 | AA13: 144 | AB13: 300 | AC13: 216 | AD13: 348 | AE13: 324
E14: Output/H | F14: =F13/8 -> 0 | G14: =G13/8 -> 0 | H14: =H13/8 -> 0 | I14: =I13/8 -> 0 | J14: =J13/8 -> 0 | K14: =K13/8 -> 0 | L14: =L13/9 -> 0 | M14: =M13/8 -> 0 | N14: =N13/8 -> 0 | O14: =O13/8 -> 0 | P14: =P13/8 -> 0 | Q14: =Q13/8 -> 0 | R14: =+R13/9 -> 11.333333 | S14: =+S13/9 -> 10.666667 | T14: =+T13/9 -> 16 | U14: =+U13/9 -> 26.666667 | V14: =+V13/9 -> 26.666667 | W14: =+W13/9 -> 22.666667 | X14: =+X13/9 -> 33.333333 | Y14: =+Y13/9 -> 26.666667 | Z14: =+Z13/9 -> 29.333333 | AA14: =AA13/9 -> 16 | AB14: =AB13/12 -> 25 | AC14: =AC13/12 -> 18 | AD14: =AD13/12 -> 29 | AE14: =AE13/12 -> 27 | AF14: =AF13/12 -> 0 | AG14: =AG13/12 -> 0 | AH14: =AH13/12 -> 0 | AI14: =AI13/12 -> 0 | ... AS14: =AS13/12 -> 0 | AT14: =AT13/8 -> 0 | AU14: =AU13/8 -> 0 | AV14: =AV13/8 -> 0 | AW14: =AW13/8 -> 0 | AX14: =AX13/8 -> 0 | AY14: =AY13/8 -> 0 | AZ14: =AZ13/8 -> 0 | BA14: =BA13/8 -> 0 | ... BL14: =BL13/8 -> 0
B15: Assembly | E15: Output/Day
E16: Output/H | F16: =F15/8 -> 0 | G16: =G15/8 -> 0 | H16: =H15/8 -> 0 | I16: =I15/8 -> 0 | J16: =J15/8 -> 0 | K16: =K15/8 -> 0 | L16: =+L15/8 -> 0 | M16: =+M15/8 -> 0 | N16: =+N15/8 -> 0 | O16: =+O15/8 -> 0 | P16: =+P15/8 -> 0 | Q16: =+Q15/8 -> 0 | R16: =+R15/8 -> 0 | S16: =+S15/10 -> 0 | T16: =+T15/10 -> 0 | U16: =+U15/10 -> 0 | V16: =+V15/10 -> 0 | W16: =+W15/10 -> 0 | X16: =+X15/10 -> 0 | Y16: =+Y15/10 -> 0 | Z16: =+Z15/10 -> 0 | ... AB16: =+AB15/10 -> 0 | AC16: =AC15/10 -> 0 | AD16: =AD15/11 -> 0 | AE16: =AE15/10 -> 0 | AF16: =AF15/10 -> 0 | AG16: =AG15/10 -> 0 | AH16: =AH15/10 -> 0 | AI16: =AI15/10 -> 0 | AJ16: =AJ15/10 -> 0 | AK16: =AK15/10 -> 0 | AL16: =AL15/10 -> 0 | ... AS16: =AS15/10 -> 0 | AT16: =+AT15/10 -> 0 | AU16: =+AU15/9 -> 0 | AV16: =+AV15/7 -> 0 | AW16: =+AW15/9 -> 0 | AX16: =+AX15/9 -> 0 | AY16: =+AY15/9 -> 0 | AZ16: =+AZ15/9 -> 0 | BA16: =+BA15/9 -> 0 | BB16: =+BB15/5 -> 0 | BC16: =+BC15/9 -> 0 | BD16: =+BD15/9 -> 0 | BE16: =+BE15/9 -> 0 | BF16: =+BF15/9 -> 0 | BG16: =+BG15/10 -> 0 | BH16: =+BH15/10 -> 0 | BI16: =+BI15/9 -> 0 | BJ16: =+BJ15/9 -> 0 | BK16: =+BK15/9 -> 0 | BL16: =+BL15/9 -> 0
B17: TARGET RAMP UP LEAN | F17: 12 | G17: 12 | H17: 12 | I17: 12 | J17: 12 | K17: 24 | L17: 24 | M17: 24 | N17: 24 | O17: 24 | P17: 36 | Q17: 36 | R17: 36 | S17: 36 | T17: 36 | U17: 48 | V17: 48 | W17: 48 | X17: 48 | Y17: 48 | Z17: 60 | AA17: 60 | AB17: 60 | AC17: 60 | AD17: 60 | AE17: 72 | AF17: 72 | AG17: 72 | AH17: 72 | AI17: 72 | AJ17: 84 | AK17: 84 | AL17: 84 | AM17: 84 | AN17: 84 | AO17: 96 | AP17: 96 | AQ17: 96 | AR17: 96 | AS17: 96

Sheet Buffer Zone
B4: Model 603 | F4: Target : 120 Prs/H | AR4: Buffer Zone | BA4: Target : 120 Prs/H | CF4: Buffer Zone
B6: Description | C6: MP | E6: MODEL | F6: Day
F7: 1 | G7: =1+F7 -> 2 | H7: =1+G7 -> 3 | I7: =1+H7 -> 4 | J7: =1+I7 -> 5 | K7: =1+J7 -> 6 | L7: =1+K7 -> 7 | M7: =1+L7 -> 8 | N7: =1+M7 -> 9 | O7: =1+M7 -> 9 | P7: =1+O7 -> 10 | Q7: =1+P7 -> 11 | R7: =1+Q7 -> 12 | S7: =1+R7 -> 13 | T7: =1+S7 -> 14 | U7: =1+T7 -> 15 | V7: =1+U7 -> 16 | W7: =1+V7 -> 17 | ... CG7: =1+CF7 -> 79
C8: Std | D8: Act | F8: 46063 | G8: 46064 | H8: 46065 | I8: 46066 | J8: 46069 | K8: 46071 | L8: 46072 | M8: 46073 | N8: 46074 | O8: 46076 | P8: 46077 | Q8: 46078 | R8: 46079 | S8: 46080 | T8: 46081 | U8: 46083 | V8: 46084 | W8: 46085 | X8: 46086 | Y8: 46087 | Z8: 46090 | AA8: 46091 | AB8: 46092 | AC8: 46093 | AD8: 46094 | AE8: 46097 | AF8: 46098 | AG8: 46099 | AH8: 46106 | AI8: 46107 | AJ8: 46108 | AK8: 46109 | AL8: 46111 | AM8: 46112 | AN8: 46113 | AO8: 46114 | AP8: 46115 | AQ8: 46116 | AR8: 46118 | AS8: 46119 | AT8: 46120 | AU8: 46121 | AV8: 46122 | AW8: 46125 | AX8: 46126 | AY8: 46127 | AZ8: 46128 | BA8: 46129 | BB8: 46130 | BC8: 46132 | BD8: 46133 | BE8: 46134 | BF8: 46135 | BG8: 46136 | BH8: 46137 | BI8: 46138 | BJ8: 46139 | BK8: 46140 | BL8: 46141 | BM8: 46142 | BN8: 46143 | BO8: 46144 | BP8: 46145 | BQ8: 46146 | BR8: 46147 | BS8: 46148 | BT8: 46149 | BU8: 46150 | BV8: 46151 | BW8: 46152 | BX8: 46153 | BY8: 46154 | BZ8: 46155 | CA8: 46156 | CB8: 46157 | CC8: 46158 | CD8: 46159 | CE8: 46160 | CF8: 46161 | CG8: 46162
B9: Sewing | E9: Output/Day | F9: 18 | G9: 36 | H9: 48 | I9: 114 | J9: 128 | K9: 300 | L9: 300 | M9: 204 | O9: 192 | P9: 240 | Q9: 300 | R9: 300 | S9: 300 | T9: 222 | U9: 372 | V9: 402 | W9: 318 | X9: 300 | Y9: 246 | Z9: 258 | AA9: 72 | AB9: 66 | AC9: 30 | AD9: 54 | AE9: 129 | AF9: 75 | AG9: 186 | AH9: 108 | AI9: 126 | AJ9: 204 | AK9: 444 | AL9: 120 | AM9: 48 | AN9: 54 | AO9: 162 | AP9: 60 | AQ9: 0 | AR9: 168 | AS9: 138 | AT9: 162 | AU9: 222 | AV9: 306 | AW9: 162 | AX9: 168 | AY9: 312 | AZ9: 186 | BA9: 306 | BB9: 0 | BC9: 288 | BD9: 450
E10: Output/H | F10: =F9/8 -> 2.25 | G10: =G9/8 -> 4.5 | H10: =H9/8 -> 6 | I10: =I9/8 -> 14.25 | J10: =J9/8 -> 16 | K10: =K9/8 -> 37.5 | L10: =L9/9 -> 33.333333 | M10: =M9/8 -> 25.5 | N10: =N9/8 -> 0 | O10: =O9/8 -> 24 | P10: =P9/8 -> 30 | Q10: =Q9/8 -> 37.5 | R10: =R9/8 -> 37.5 | S10: =S9/8 -> 37.5 | T10: =T9/7 -> 31.714286 | U10: =U9/8 -> 46.5 | V10: =V9/8 -> 50.25 | W10: =W9/8 -> 39.75 | X10: =X9/8 -> 37.5 | Y10: =Y9/8 -> 30.75 | Z10: =Z9/8 -> 32.25 | AA10: =AA9/8 -> 9 | AB10: =AB9/8 -> 8.25 | ... AJ10: =AJ9/8 -> 25.5 | AK10: =AK9/5 -> 88.8 | AL10: =AL9/8 -> 15 | AM10: =AM9/8 -> 6 | AN10: =AN9/8 -> 6.75 | AO10: =AO9/8 -> 20.25 | AP10: =AP9/8 -> 7.5 | AQ10: =AQ9/8 -> 0 | AR10: =AR9/8 -> 21 | AS10: =AS9/8 -> 17.25 | ... AY10: =AY9/8 -> 39 | AZ10: =AZ9/9 -> 20.666667 | BA10: =BA9/8 -> 38.25 | BB10: =BB9/8 -> 0 | BC10: =BC9/8 -> 36 | BD10: =BD9/8 -> 56.25 | BE10: =BE9/8 -> 0 | BF10: =BF9/8 -> 0 | BG10: =BG9/8 -> 0 | BH10: =BH9/7 -> 0 | BI10: =BI9/8 -> 0 | BJ10: =BJ9/8 -> 0 | BK10: =BK9/8 -> 0 | BL10: =BL9/8 -> 0 | BM10: =BM9/8 -> 0 | BN10: =BN9/8 -> 0 | BO10: =BO9/8 -> 0 | BP10: =BP9/8 -> 0 | ... BX10: =BX9/8 -> 0 | BY10: =BY9/5 -> 0 | BZ10: =BZ9/8 -> 0 | CA10: =CA9/8 -> 0 | CB10: =CB9/8 -> 0 | CC10: =CC9/8 -> 0 | CD10: =CD9/8 -> 0 | CE10: =CE9/8 -> 0 | CF10: =CF9/8 -> 0 | CG10: =CG9/8 -> 0
B11: TARGET RAMP UP LEAN | F11: 6 | G11: 6 | H11: 6 | I11: 6 | J11: 6 | K11: 12 | L11: 12 | M11: 12 | N11: 12 | O11: 12 | P11: 24 | Q11: 24 | R11: 24 | S11: 24 | T11: 24 | U11: 36 | V11: 36 | W11: 36 | X11: 36 | Y11: 36 | Z11: 48 | AA11: 48 | AB11: 48 | AC11: 48 | AD11: 48 | AE11: 60 | AF11: 60 | AG11: 60 | AH11: 60 | AI11: 60 | AJ11: 72 | AK11: 72 | AL11: 72 | AM11: 72 | AN11: 72 | AO11: 84 | AP11: 84 | AQ11: 84 | AR11: 84 | AS11: 84 | AT11: 96 | AU11: 96 | AV11: 96 | AW11: 96 | AX11: 96 | AY11: 108 | AZ11: 108 | BA11: 108 | BB11: 108 | BC11: 108 | BD11: 24 | BE11: 24 | BF11: 24 | BG11: 24 | BH11: 24 | BI11: 36 | BJ11: 36 | BK11: 36 | BL11: 36 | BM11: 36 | BN11: 48 | BO11: 48 | BP11: 48 | BQ11: 48 | BR11: 48 | BS11: 60 | BT11: 60 | BU11: 60 | BV11: 60 | BW11: 60 | BX11: 72 | BY11: 72 | BZ11: 72 | CA11: 72 | CB11: 72 | CC11: 84 | CD11: 84 | CE11: 84 | CF11: 84 | CG11: 84

Sheet Summary Issue Model 603
B2: SUMMARY ISSUE IN PRODUCTION MODEL 603
B4: TANGGAL | C4: CELL | D4: AREA | E4: MODEL | F4: ISSUE | G4: REASON | H4: REMARK | I4: NUMBER
B5: 46118 | C5: 10 | D5: COMP. STITCHING | E5: 603 | F5: Bottleneck Mudguard | G5: CYCLE TIME TERLALU LAMA / BOTTLENECK | H5: Kesulitan jika jalan artikel berbahan leather
C6: 11 | D6: STITCHING | E6: 603 | F6: Running Input | G6: LOW SETTING | H6: Upper nganjuk quantity sedikit
C7: 4 | D7: COMP. STITCHING | E7: 603 | F7: Bottleneck Mudguard | G7: RAMP UP SKILL | H7: Jalan artikel 2FP (Beda benang)
C8: 5 | D8: ASSEMBLY | E8: 603 | F8: Running Input | G8: LOW SETTING | H8: Tidak ada input dari Sewing
B9: 46119 | C9: 4 | D9: COMP. STITCHING | E9: 603 | F9: Bottleneck Middle Eyestay | G9: KURANG MP / ABSENT | H9: Terdapat operator yang tidak masuk/resign
C10: 10 | D10: COMP. STITCHING | E10: 603 | F10: Bottleneck Middle Eyestay | G10: CYCLE TIME TERLALU LAMA / BOTTLENECK | H10: Jalan artikel Leather
C11: 4 | D11: STITCHING | E11: 603 | F11: Running Input | G11: LOW SETTING | H11: Tidak ada input dari Sewing
C12: 5 | D12: COMP. STITCHING | E12: 603 | F12: Bottleneck Foxing Ulay | G12: KURANG MP / ABSENT | H12: Banyak operator yang tidak masuk/resign
C13: 5 | D13: STITCHING | E13: 603 | F13: Bottleneck Foxing Atas | G13: CYCLE TIME TERLALU LAMA / BOTTLENECK | H13: WIP menumpuk
B14: 46120 | C14: 4 | D14: COMPUTER STITCHING | E14: 603 | F14: Bottleneck Middle Eyestay | G14: CYCLE TIME TERLALU LAMA / BOTTLENECK | H14: Operator sering bergonta-ganti
C15: 10 | D15: COMPUTER STITCHING | E15: 603 | F15: Bottleneck Vamp Olay | G15: KURANG MP / ABSENT | H15: Terdapat operator yang tidak masuk/resign | I15: 9 mp
C16: 4 | D16: ASSEMBLY | E16: 603 | F16: Running Input | G16: LOW SETTING | H16: Tidak ada input dari Sewing
B17: 46121 | C17: 4 | D17: COMPUTER STITCHING | E17: 603 | F17: Low Skill MP | G17: RAMP UP SKILL | H17: New MP
C18: 4 | D18: ASSEMBLY | E18: 603 | F18: Running Input | G18: LOW SETTING | H18: Input Sewing sedikit
C19: 5 | D19: ASSEMBLY | E19: 603
C20: 10 | D20: ASSEMBLY | E20: 603 | F20: Running Input | G20: LOW SETTING | H20: Tidak ada input dari Sewing
C21: 10 | D21: COMPUTER STITCHING | E21: 603 | F21: Bottleneck Tip Accent | G21: KURANG MP / ABSENT | H21: Banyak operator yang tidak masuk/resign
C22: 11 | D22: COMPUTER STITCHING | E22: 603 | F22: Output tidak sesuai target | G22: KURANG MP / ABSENT | H22: Terdapat beberapa operator yang dipinjam
B23: 46122 | C23: 5 | D23: COMPUTER STITCHING | E23: 603 | F23: Bottleneck Foxing Ulay | G23: RAMP UP SKILL | H23: Jalan artikel berbahan leather
E24: 603
E25: 603
E26: 603
E27: 603
B28: 46123 | C28: 5 | D28: COMPUTER STITCHING | E28: 603 | F28: Bottleneck Foxing Ulay | G28: RAMP UP SKILL | H28: Jalan artikel 2FP (Beda benang + Leather)
C29: 10 | D29: COMPUTER STITCHING | E29: 603 | F29: Bottleneck Mudguard | G29: ISSUE QUALITY | H29: Margin tidak sesuai standart
C30: 4 | D30: COMPUTER STITCHING | E30: 603 | F30: Bottleneck Mudguard | G30: RAMP UP SKILL | H30: Mayoritas operator < dari 3 bulan
B31: 46125 | E31: 603
E32: 603
E33: 603
E34: 603
E35: 603
B36: 46126 | C36: 4 | D36: COMPUTER STITCHING | E36: 603 | F36: Bottleneck Foxing Ulay | G36: CYCLE TIME TERLALU LAMA / BOTTLENECK | H36: Terdapat operator yang tidak masuk/resign | I36: 6 mp
B37: 46127 | C37: 10 | D37: CUTTING | E37: 603 | F37: No Output Daily | G37: LOW SETTING | H37: Tidak ada MDO
C38: 11 | D38: CUTTING | E38: 603 | F38: No Output Daily | G38: LOW SETTING | H38: Tidak ada MDO
C39: 10 | D39: COMPUTER STITCHING | E39: 603 | F39: Bottleneck Mudguard | G39: ISSUE QUALITY | H39: Line up tidak sesuai standard
B40: 46128 | C40: 9 | D40: CUTTING | E40: 603 | F40: No Output Daily | G40: LOW SETTING | H40: Tidak ada MDO
C41: 4 | D41: COMPUTER STITCHING | E41: 603 | F41: Bottleneck Foxing Ulay | G41: CYCLE TIME TERLALU LAMA / BOTTLENECK | H41: Didominasi oleh operator baru
C42: 5 | D42: COMPUTER STITCHING | E42: 603 | F42: Bottleneck Foxing Ulay | G42: CYCLE TIME TERLALU LAMA / BOTTLENECK | H42: Operator sering bergonta-ganti
C43: 10 | D43: COMPUTER STITCHING | E43: 603 | F43: Bottleneck Mudguard | G43: RAMP UP SKILL | H43: Operator terlalu lama setting margin/line up
E44: 603
E45: 603
E46: 603
E47: 603
E48: 603
E49: 603
E50: 603
E51: 603
E52: 603
E53: 603
E54: 603
E55: 603
... E71: 603

Sheet Chartz
B2: AREA | D2: ISSUE
B3: CUTTING | D3: DOWNTIME MACHINE
B4: COMP. STITCHING | D4: KURANG MP / ABSENT
B5: STITCHING | D5: RAMP UP SKILL
B6: ASSEMBLY | D6: ISSUE QUALITY
D7: LOW SETTING
D8: CYCLE TIME TERLALU LAMA / BOTTLENECK
